TS,HA,Error,
0.0,10.0,-0.025723930622795876,
0.0,9.0,-1.7736802667994667,
0.0,8.0,-2.736585598995436,
0.0,7.0,-1.7736802667994667,
0.0,6.0,-4.165488665940561,
1.0,10.0,-0.15072393062279588,
1.0,9.0,-2.5105212814798676,
1.0,8.0,-3.2615855989954348,
1.0,7.0,-2.6501565018002182,
1.0,6.0,-2.7004886659405614,
1.0,5.0,1.494843498199785,
1.0,4.0,1.494843498199785,
1.0,3.0,1.494843498199785,
1.0,2.0,1.494843498199785,
1.0,1.0,1.494843498199785,
1.0,0.0,1.494843498199785,
2.0,10.0,-1.962000379230917,
2.0,9.0,-8.058890561464302,
3.0,10.0,-2.711001137692751,
3.0,9.0,-7.948890561464303,
4.0,10.0,-2.6420003792309172,
4.0,9.0,-8.068890561464304,
5.0,10.0,-1.987000379230917,
5.0,9.0,-9.062537566346407,
6.0,10.0,-0.15993858548184292,
6.0,9.0,0.7308041788002058,
6.0,8.0,0.7308041788002058,
6.0,7.0,0.7308041788002058,
6.0,6.0,0.7308041788002058,
6.0,5.0,0.7308041788002058,
6.0,4.0,0.7308041788002058,
6.0,3.0,0.7308041788002058,
6.0,2.0,0.7308041788002058,
6.0,1.0,0.7308041788002058,
6.0,0.0,0.7308041788002058,
7.0,10.0,-0.04940340759993944,
7.0,9.0,-0.030191715024592725,
7.0,8.0,0.776690867683115,
7.0,7.0,2.0601830643385526,
7.0,6.0,0.7653871826305902,
7.0,5.0,0.7653871826305902,
7.0,4.0,0.7653871826305902,
7.0,3.0,0.7653871826305902,
7.0,2.0,0.7653871826305902,
7.0,1.0,0.7653871826305902,
7.0,0.0,0.7653871826305902,
8.0,10.0,-0.8410766259708664,
8.0,9.0,-7.038890561464303,
9.0,10.0,-1.779227683206444,
9.0,9.0,-8.008890561464304,
10.0,10.0,-0.018051836022275225,
10.0,9.0,-6.136006573206247,
11.0,10.0,-1.820397453226951,
11.0,9.0,-4.738890561464302,
11.0,8.0,-2.3988905614643024,
12.0,10.0,-2.4145446606987995,
12.0,9.0,-8.159836595070555,
13.0,10.0,-1.1408627453834477,
13.0,9.0,-5.328890561464304,
14.0,10.0,-2.428439708539484,
15.0,10.0,-2.428439708539484,
16.0,10.0,-0.17078438235330007,
16.0,9.0,-17.458135094806238,
17.0,10.0,-4.3438048832870075,
17.0,9.0,-3.333890561464303,
18.0,10.0,-0.1014126590605251,
18.0,9.0,-5.4345340143213186,
20.0,10.0,0.17982576654707572,
20.0,9.0,2.2532068342174654,
20.0,8.0,1.0008611356495507,
20.0,7.0,2.8625320795955957,
20.0,6.0,0.32399872528427665,
20.0,5.0,-0.3050614736548525,
20.0,4.0,-0.025391002990239997,
20.0,3.0,-0.007144806988186758,
20.0,2.0,0.4081316340179768,
20.0,1.0,0.4081316340179768,
20.0,0.0,0.4081316340179768,
21.0,10.0,0.33450507462289636,
21.0,9.0,0.12110060061246486,
21.0,8.0,0.15906261587649695,
21.0,7.0,1.369445051123705,
21.0,6.0,-0.05609144287928203,
21.0,5.0,1.317226456472607,
21.0,4.0,1.592461746009409,
21.0,3.0,1.592461746009409,
21.0,2.0,1.592461746009409,
21.0,1.0,1.592461746009409,
21.0,0.0,1.592461746009409,
22.0,10.0,-1.6092858086140254,
22.0,9.0,2.0279678290815504,
22.0,8.0,0.3452341616424519,
22.0,7.0,1.410024829044854,
22.0,6.0,1.4976363340594432,
22.0,5.0,1.4300248290448536,
22.0,4.0,1.555136334059437,
22.0,3.0,2.2326363340594426,
22.0,2.0,2.2326363340594426,
22.0,1.0,2.2326363340594426,
22.0,0.0,2.2326363340594426,
23.0,10.0,-1.1185229552007812,
23.0,9.0,-2.496245791708933,
23.0,8.0,-3.4712457917089345,
23.0,7.0,-5.960488665940563,
23.0,6.0,-6.425488665940563,
23.0,5.0,-6.425488665940563,
23.0,4.0,-6.425488665940563,
23.0,3.0,-6.425488665940563,
23.0,2.0,-6.425488665940563,
23.0,1.0,-6.425488665940563,
23.0,0.0,-6.425488665940563,
24.0,10.0,-0.0769311199789584,
24.0,9.0,-1.6099416793508041,
24.0,8.0,1.334423969929773,
24.0,7.0,-0.17494167935080185,
24.0,6.0,-0.17494167935080185,
24.0,5.0,0.40505832064919645,
24.0,4.0,0.40505832064919645,
24.0,3.0,0.40505832064919645,
24.0,2.0,0.40505832064919645,
24.0,1.0,0.40505832064919645,
24.0,0.0,0.40505832064919645,
25.0,10.0,-0.11864084599930891,
25.0,9.0,-2.68557603007023,
25.0,8.0,-1.951245791708935,
25.0,7.0,-4.825488665940565,
26.0,10.0,4.357999620769083,
26.0,9.0,-4.138890561464304,
26.0,8.0,-4.494534014321317,
27.0,10.0,-2.672000379230917,
27.0,9.0,-7.973890561464303,
28.0,10.0,-0.8686461664250213,
28.0,9.0,-4.588890561464304,
29.0,10.0,-1.8198731047386456,
29.0,9.0,-7.983890561464303,
30.0,10.0,-2.46652668953396,
30.0,9.0,-8.073890561464303,
31.0,10.0,-0.32232075593838516,
31.0,9.0,-0.2859828227514605,
31.0,8.0,-0.8985807117648292,
31.0,7.0,-0.8859828227514619,
31.0,6.0,-0.8859828227514619,
31.0,5.0,-0.8859828227514619,
31.0,4.0,-0.8859828227514619,
31.0,3.0,-0.8859828227514619,
31.0,2.0,-0.8859828227514619,
31.0,1.0,-0.8859828227514619,
31.0,0.0,-0.8859828227514619,
32.0,10.0,-0.11293236637622428,
32.0,9.0,-2.491245791708934,
32.0,8.0,-3.411245791708934,
32.0,7.0,-6.030488665940563,
33.0,10.0,-0.2075461646977388,
33.0,9.0,-0.36557603007022976,
33.0,8.0,-0.9505760300702271,
33.0,7.0,-4.305488665940562,
34.0,10.0,-0.3421795167288728,
34.0,9.0,-1.7155760300702276,
34.0,8.0,-2.7155760300702276,
34.0,7.0,-5.270488665940562,
35.0,10.0,-0.13921818107390038,
35.0,9.0,-0.9409828227514616,
35.0,8.0,-0.9409828227514616,
35.0,7.0,0.6040171772485401,
35.0,6.0,0.5000583206491953,
35.0,5.0,0.5000583206491953,
35.0,4.0,0.5000583206491953,
35.0,3.0,0.5000583206491953,
35.0,2.0,0.5000583206491953,
35.0,1.0,0.5000583206491953,
35.0,0.0,0.5000583206491953,
36.0,10.0,-0.3993294980310651,
36.0,9.0,-0.8955760300702273,
36.0,8.0,-1.7555760300702268,
36.0,7.0,-4.250488665940562,
37.0,10.0,-3.719000746471579E-4,
37.0,9.0,-1.0474824859187528,
37.0,8.0,-1.828613665940555,
37.0,7.0,-3.240488665940564,
37.0,6.0,-1.828613665940555,
37.0,5.0,-4.135488665940564,
37.0,4.0,-4.765488665940563,
37.0,3.0,-4.765488665940563,
37.0,2.0,-4.765488665940563,
37.0,1.0,-4.765488665940563,
37.0,0.0,-4.765488665940563,
38.0,10.0,-0.01974616469778212,
38.0,9.0,-2.6091634843599962,
38.0,8.0,-1.90057603007023,
38.0,7.0,-4.8554886659405625,
39.0,10.0,-0.34270952028768953,
39.0,9.0,-2.626245791708934,
39.0,8.0,-3.581245791708934,
39.0,7.0,-6.070488665940562,
40.0,10.0,-0.23827143962552988,
40.0,9.0,-2.5612457917089344,
40.0,8.0,-1.8062457917089336,
40.0,7.0,-5.450488665940565,
41.0,10.0,-1.055883013528426,
41.0,9.0,0.6450583206491984,
41.0,8.0,-0.37829555758111866,
41.0,7.0,0.6450583206491984,
41.0,6.0,0.5067044424188865,
41.0,5.0,0.5067044424188865,
41.0,4.0,0.5067044424188865,
41.0,3.0,0.5067044424188865,
41.0,2.0,0.5067044424188865,
41.0,1.0,0.5067044424188865,
41.0,0.0,0.5067044424188865,
42.0,10.0,-0.11534952069190751,
42.0,9.0,-1.1882955575811138,
42.0,8.0,-1.8714999439293187,
42.0,7.0,-1.8714999439293187,
42.0,6.0,-1.0964999439293202,
42.0,5.0,-1.0964999439293202,
42.0,4.0,-1.0964999439293202,
42.0,3.0,-1.0964999439293202,
42.0,2.0,-1.0964999439293202,
42.0,1.0,-1.0964999439293202,
42.0,0.0,-1.0964999439293202,
43.0,10.0,-0.19428580861402622,
43.0,9.0,-0.21037545514997547,
43.0,8.0,0.4079678290815494,
43.0,7.0,2.127967829081552,
43.0,6.0,0.5996245448500233,
43.0,5.0,0.5996245448500233,
43.0,4.0,1.509624544850027,
43.0,3.0,1.509624544850027,
43.0,2.0,1.509624544850027,
43.0,1.0,1.509624544850027,
43.0,0.0,1.509624544850027,
44.0,10.0,-0.1442858086140255,
44.0,9.0,-0.1823636659405672,
44.0,8.0,-0.03497517095514624,
44.0,7.0,-0.03497517095514624,
44.0,6.0,-0.03497517095514624,
44.0,5.0,-0.03497517095514624,
44.0,4.0,1.2150248290448538,
44.0,3.0,-0.1396128173694109,
44.0,2.0,0.6676363340594342,
44.0,1.0,0.6676363340594342,
44.0,0.0,0.6676363340594342,
45.0,10.0,-0.17821563668874418,
45.0,9.0,-0.9064999439293224,
45.0,8.0,-1.7864999439293214,
45.0,7.0,-0.9064999439293224,
45.0,6.0,-0.9064999439293224,
45.0,5.0,-0.9064999439293224,
45.0,4.0,-0.9064999439293224,
45.0,3.0,-0.9064999439293224,
45.0,2.0,-0.9064999439293224,
45.0,1.0,-0.9064999439293224,
45.0,0.0,-0.9064999439293224,
46.0,10.0,-1.5861728484513993,
46.0,9.0,-1.6162457917089341,
46.0,8.0,-2.746245791708933,
46.0,7.0,-5.635488665940564,
46.0,6.0,-5.995488665940563,
46.0,5.0,-5.995488665940563,
46.0,4.0,-5.995488665940563,
46.0,3.0,-5.995488665940563,
46.0,2.0,-5.995488665940563,
46.0,1.0,-5.995488665940563,
46.0,0.0,-5.995488665940563,
47.0,10.0,-0.39892028976680116,
47.0,9.0,-4.7883587477062655,
47.0,8.0,-2.7521327459029017,
48.0,10.0,-0.07651277912860266,
48.0,9.0,-1.7712457917089335,
48.0,8.0,-2.491245791708934,
48.0,7.0,-5.380488665940565,
49.0,10.0,-1.1277957487101755,
49.0,9.0,-5.639534014321317,
50.0,10.0,-0.8098534615493023,
50.0,9.0,-6.223890561464303,
51.0,10.0,-1.943492223400543,
51.0,9.0,-8.068890561464304,
52.0,10.0,-0.3498534615493032,
52.0,9.0,-6.443890561464304,
53.0,10.0,-1.804873104738646,
53.0,9.0,-8.068890561464304,
54.0,10.0,-2.741978242274767,
55.0,10.0,-0.3346796892983299,
55.0,9.0,-1.861723215848695,
55.0,8.0,-0.9764999439293227,
55.0,7.0,-0.9764999439293227,
55.0,6.0,-0.9764999439293227,
55.0,5.0,-0.9764999439293227,
55.0,4.0,-0.9764999439293227,
55.0,3.0,-0.9764999439293227,
55.0,2.0,-0.9764999439293227,
55.0,1.0,-0.9764999439293227,
55.0,0.0,-0.9764999439293227,
56.0,10.0,-0.5430695690098126,
56.0,9.0,-0.13152003904158605,
56.0,8.0,0.17808364997591752,
56.0,7.0,0.871094595935272,
56.0,6.0,2.9968484454125424,
56.0,5.0,0.15687112248492596,
56.0,4.0,0.43663749745952174,
56.0,3.0,0.6396353305647224,
56.0,2.0,0.43663749745952174,
56.0,1.0,0.6396353305647224,
56.0,0.0,0.43663749745952174,
57.0,10.0,0.2867267568490135,
57.0,9.0,-7.000381965048412,
57.0,8.0,-5.73608600973677,
57.0,7.0,-5.73608600973677,
57.0,6.0,10.188913990263217,
57.0,5.0,4.4515589064484615,
57.0,4.0,-2.850035505948549,
57.0,3.0,11.768913990263222,
57.0,2.0,3.00145835840798,
57.0,1.0,-4.760035505948551,
57.0,0.0,-7.6460860097367735,
58.0,10.0,0.15239995929275452,
58.0,9.0,0.6298508637368521,
58.0,8.0,0.6298508637368521,
58.0,7.0,0.6298508637368521,
58.0,6.0,0.6298508637368521,
58.0,5.0,0.6298508637368521,
58.0,4.0,0.6298508637368521,
58.0,3.0,0.6298508637368521,
58.0,2.0,0.6298508637368521,
58.0,1.0,0.6298508637368521,
58.0,0.0,0.6298508637368521,
59.0,10.0,0.18315546273273497,
59.0,9.0,-1.0165372464138933,
59.0,8.0,-2.746086009736775,
59.0,7.0,-0.3490770554982987,
59.0,6.0,-0.3490770554982987,
59.0,5.0,-0.06335050804581499,
59.0,4.0,-0.06335050804581499,
59.0,3.0,-0.06335050804581499,
59.0,2.0,-0.06335050804581499,
59.0,1.0,-0.06335050804581499,
59.0,0.0,-0.06335050804581499,
60.0,10.0,-0.32762074471440883,
60.0,9.0,0.40347632765972463,
60.0,8.0,0.4776363340594365,
60.0,7.0,0.45169730767269556,
60.0,6.0,0.5523830392940461,
60.0,5.0,0.696649491954183,
60.0,4.0,0.696649491954183,
60.0,3.0,0.696649491954183,
60.0,2.0,0.696649491954183,
60.0,1.0,0.696649491954183,
60.0,0.0,0.696649491954183,
61.0,10.0,-0.31262074471440826,
61.0,9.0,0.4259229445016999,
61.0,8.0,-0.1765372464138899,
61.0,7.0,0.43592294450170144,
61.0,6.0,0.6084627535861102,
61.0,5.0,0.7216494919541816,
61.0,4.0,0.7216494919541816,
61.0,3.0,0.7216494919541816,
61.0,2.0,0.7216494919541816,
61.0,1.0,0.7216494919541816,
61.0,0.0,0.7216494919541816,
62.0,10.0,-0.8679655871632761,
62.0,9.0,-2.2884804290104235,
62.0,8.0,-4.081086009736776,
62.0,7.0,-4.770451669552692,
62.0,6.0,-4.813614601066629,
62.0,5.0,0.6409406503752386,
62.0,4.0,-6.459015856999702,
63.0,10.0,-0.8599726003895576,
63.0,9.0,-0.8333026923273046,
63.0,8.0,-1.6533026923273049,
63.0,7.0,-4.091086009736777,
63.0,6.0,-4.091086009736777,
64.0,10.0,-0.052816239064373605,
64.0,9.0,-0.8590009354904851,
64.0,8.0,-0.2583026923273053,
64.0,7.0,-0.2583026923273053,
64.0,6.0,-1.6771380471360864,
64.0,5.0,-0.013350508045817833,
64.0,4.0,-0.013350508045817833,
64.0,3.0,-0.013350508045817833,
64.0,2.0,-0.013350508045817833,
64.0,1.0,-0.013350508045817833,
64.0,0.0,-0.013350508045817833,
65.0,10.0,-0.8878162390643745,
65.0,9.0,1.3559990645095148,
65.0,8.0,-0.4040009354904832,
65.0,7.0,0.793462753586109,
65.0,6.0,0.793462753586109,
65.0,5.0,1.3066494919541825,
65.0,4.0,-1.9694790505559432,
65.0,3.0,-1.9694790505559432,
65.0,2.0,-1.9694790505559432,
65.0,1.0,-1.9694790505559432,
65.0,0.0,-1.9694790505559432,
66.0,10.0,-0.156054324670599,
66.0,9.0,-0.9165372464138919,
66.0,8.0,-3.4860860097367734,
66.0,7.0,-3.4860860097367734,
66.0,6.0,-3.4860860097367734,
66.0,5.0,-3.4860860097367734,
66.0,4.0,-3.4860860097367734,
66.0,3.0,-3.4860860097367734,
66.0,2.0,-3.4860860097367734,
66.0,1.0,-3.4860860097367734,
66.0,0.0,-3.4860860097367734,
67.0,10.0,-0.8007917077516282,
67.0,9.0,0.7966374974595212,
67.0,8.0,0.6587039062406461,
67.0,7.0,-0.23996244313144643,
67.0,6.0,0.7150375568685519,
67.0,5.0,1.3398219728964982,
67.0,4.0,2.190976633513376,
67.0,3.0,2.190976633513376,
67.0,2.0,2.190976633513376,
67.0,1.0,2.190976633513376,
67.0,0.0,2.190976633513376,
68.0,10.0,0.7083573369552099,
68.0,9.0,0.3567934247571074,
68.0,8.0,0.5579226512697986,
68.0,7.0,0.5579226512697986,
68.0,6.0,0.7223681931589141,
68.0,5.0,0.5579226512697986,
68.0,4.0,0.5579226512697986,
68.0,3.0,2.2429226512697866,
68.0,2.0,-0.058098114234418574,
68.0,1.0,-0.058098114234418574,
68.0,0.0,-0.058098114234418574,
69.0,10.0,-0.028410616708171688,
69.0,9.0,-0.9265372464138899,
69.0,8.0,-1.8310860097367758,
69.0,7.0,-0.8490009354904835,
69.0,6.0,-0.2890770554983,
69.0,5.0,-0.003350508045819822,
69.0,4.0,-0.003350508045819822,
69.0,3.0,-0.003350508045819822,
69.0,2.0,-0.003350508045819822,
69.0,1.0,-0.003350508045819822,
69.0,0.0,-0.003350508045819822,
70.0,10.0,-0.23030300655643998,
70.0,9.0,0.7759990645095165,
70.0,8.0,1.5359990645095145,
70.0,7.0,1.5559990645095176,
70.0,6.0,-0.8744790505559443,
70.0,5.0,-0.8744790505559443,
70.0,4.0,-0.8744790505559443,
70.0,3.0,-0.8744790505559443,
70.0,2.0,-0.8744790505559443,
70.0,1.0,-0.8744790505559443,
70.0,0.0,-0.8744790505559443,
71.0,10.0,0.12097210825375271,
71.0,9.0,-1.0990009354904835,
71.0,8.0,-0.8983026923273059,
71.0,7.0,-3.336086009736775,
71.0,6.0,-3.336086009736775,
71.0,5.0,-3.336086009736775,
71.0,4.0,-3.336086009736775,
71.0,3.0,-3.336086009736775,
71.0,2.0,-3.336086009736775,
71.0,1.0,-3.336086009736775,
71.0,0.0,-3.336086009736775,
72.0,10.0,-0.12491039319885289,
72.0,9.0,-2.4612241799925485,
72.0,8.0,-2.4612241799925485,
72.0,7.0,-2.4612241799925485,
72.0,6.0,-2.4612241799925485,
72.0,5.0,-2.4612241799925485,
72.0,4.0,-2.4612241799925485,
72.0,3.0,-2.4612241799925485,
72.0,2.0,-2.4612241799925485,
72.0,1.0,-2.4612241799925485,
72.0,0.0,-2.4612241799925485,
73.0,10.0,-0.11316107143714049,
73.0,9.0,1.2502236851526867,
73.0,8.0,0.363476633513379,
73.0,7.0,1.3666374974595215,
73.0,6.0,-0.23747506433885945,
73.0,5.0,-0.23747506433885945,
73.0,4.0,-0.23747506433885945,
73.0,3.0,-0.23747506433885945,
73.0,2.0,-0.23747506433885945,
73.0,1.0,-0.23747506433885945,
73.0,0.0,-0.23747506433885945,
74.0,10.0,-0.0838033789356345,
74.0,9.0,-5.01965183141159,
75.0,10.0,-1.7488562842436775,
75.0,9.0,-6.83965183141159,
75.0,8.0,-8.102659118909049,
76.0,10.0,-0.8433274443044194,
76.0,9.0,-5.00965183141159,
77.0,10.0,-0.044400252392087225,
77.0,9.0,-4.958214077576926,
78.0,10.0,-0.3653956601490904,
78.0,9.0,-1.6189813129993844,
78.0,8.0,-3.5268685546841443,
78.0,7.0,-3.5268685546841443,
78.0,6.0,-4.1418685546841445,
78.0,5.0,-4.221868554684145,
79.0,10.0,-0.20182690757479804,
79.0,9.0,-1.1498890218995896,
79.0,8.0,2.036094595935271,
79.0,7.0,1.3301109781004072,
79.0,6.0,0.7901109781004116,
79.0,5.0,0.7763832394136791,
79.0,4.0,3.039976633513376,
79.0,3.0,3.039976633513376,
79.0,2.0,3.039976633513376,
79.0,1.0,3.039976633513376,
79.0,0.0,3.039976633513376,
80.0,10.0,-0.00368429436981188,
80.0,9.0,-1.0147942214961105,
80.0,8.0,-2.5236425552317385,
80.0,7.0,-2.5236425552317385,
80.0,6.0,-4.060957198754899,
80.0,5.0,-4.220957198754903,
80.0,4.0,-4.220957198754903,
80.0,3.0,-4.220957198754903,
80.0,2.0,-4.220957198754903,
80.0,1.0,-4.220957198754903,
80.0,0.0,-4.220957198754903,
81.0,10.0,-0.09003177651617378,
81.0,9.0,-1.0248636659405506,
81.0,8.0,-0.3283026923273056,
81.0,7.0,-0.0133026923273043,
81.0,6.0,-0.3780232576152933,
81.0,5.0,-0.3780232576152933,
81.0,4.0,0.6316494919541853,
81.0,3.0,-0.3780232576152933,
81.0,2.0,-0.3780232576152933,
81.0,1.0,0.6316494919541853,
81.0,0.0,0.6316494919541853,
82.0,10.0,-0.21138623109212418,
82.0,9.0,0.5622535976799377,
82.0,8.0,-0.01903033260722964,
82.0,7.0,0.7919767423847048,
82.0,6.0,0.7919767423847048,
82.0,5.0,0.7919767423847048,
82.0,4.0,0.7919767423847048,
82.0,3.0,0.7919767423847048,
82.0,2.0,0.7919767423847048,
82.0,1.0,0.7919767423847048,
82.0,0.0,0.7919767423847048,
83.0,10.0,-0.10090630331634287,
83.0,9.0,1.3460280039908206,
83.0,8.0,0.44102800399081943,
83.0,7.0,1.3660280039908237,
83.0,6.0,0.476912847978582,
83.0,5.0,-0.11361676058632142,
83.0,4.0,1.20191284797858,
83.0,3.0,2.874976633513377,
83.0,2.0,2.874976633513377,
83.0,1.0,2.874976633513377,
83.0,0.0,2.874976633513377,
84.0,10.0,-0.120906303316346,
84.0,9.0,0.24605654158703416,
84.0,8.0,1.2660945959352716,
84.0,7.0,1.3460280039908206,
84.0,6.0,0.45691284797858245,
84.0,5.0,-0.13361676058631744,
84.0,4.0,0.45691284797858245,
84.0,3.0,-0.13361676058631744,
84.0,2.0,0.45691284797858245,
84.0,1.0,-0.13361676058631744,
84.0,0.0,0.45691284797858245,
85.0,10.0,-0.9603709008234453,
85.0,9.0,0.6599532813672155,
85.0,8.0,-0.10181530366471492,
85.0,7.0,0.6599532813672155,
85.0,6.0,1.258184696335288,
85.0,5.0,1.258184696335288,
85.0,4.0,1.258184696335288,
85.0,3.0,0.4093099668467133,
85.0,2.0,0.4093099668467133,
85.0,1.0,0.4093099668467133,
85.0,0.0,0.4093099668467133,
86.0,10.0,-0.02537090082345017,
86.0,9.0,1.2131846963352864,
86.0,8.0,1.2131846963352864,
86.0,7.0,1.233184696335286,
86.0,6.0,1.233184696335286,
86.0,5.0,-0.389962443131445,
86.0,4.0,1.233184696335286,
86.0,3.0,-0.015690033153290983,
86.0,2.0,-0.015690033153290983,
86.0,1.0,-0.015690033153290983,
86.0,0.0,-0.015690033153290983,
87.0,10.0,-0.30537090082344776,
87.0,9.0,0.5431846963352847,
87.0,8.0,0.5002456878325319,
87.0,7.0,0.5915126219604829,
87.0,6.0,0.5163832394136811,
87.0,5.0,0.5163832394136811,
87.0,4.0,0.5163832394136811,
87.0,3.0,0.5163832394136811,
87.0,2.0,0.5163832394136811,
87.0,1.0,0.5163832394136811,
87.0,0.0,0.5163832394136811,
88.0,10.0,-1.7281117202866625,
88.0,9.0,1.4559990645095162,
88.0,8.0,-0.14900093549048776,
88.0,7.0,1.3999279865290788,
88.0,6.0,-0.9544790505559426,
88.0,5.0,-0.9544790505559426,
88.0,4.0,-0.9544790505559426,
88.0,3.0,-0.9544790505559426,
88.0,2.0,-0.9544790505559426,
88.0,1.0,-0.9544790505559426,
88.0,0.0,-0.9544790505559426,
89.0,10.0,-0.018001427898475697,
89.0,9.0,-1.0927464023200635,
89.0,8.0,-0.03900093549048478,
89.0,7.0,-0.09507201347091865,
89.0,6.0,1.319927986529084,
89.0,5.0,-1.054479050555944,
89.0,4.0,-1.054479050555944,
89.0,3.0,-1.054479050555944,
89.0,2.0,-1.054479050555944,
89.0,1.0,-1.054479050555944,
89.0,0.0,-1.054479050555944,
90.0,10.0,-0.06746255058321893,
90.0,9.0,-2.4165233664866257,
90.0,8.0,1.415999064509517,
90.0,7.0,1.415999064509517,
90.0,6.0,-1.014479050555945,
90.0,5.0,1.2082696055852935,
90.0,4.0,-1.7595970393612959,
90.0,3.0,0.4063832394136817,
90.0,2.0,0.4063832394136817,
90.0,1.0,0.4063832394136817,
90.0,0.0,0.4063832394136817,
91.0,10.0,-0.34770400599949625,
91.0,9.0,-0.9726029543126415,
91.0,8.0,2.1350375568685536,
91.0,7.0,-1.9060433194911255,
91.0,6.0,-1.9060433194911255,
91.0,5.0,-1.9060433194911255,
91.0,4.0,-1.9060433194911255,
91.0,3.0,-0.17782883249373072,
91.0,2.0,-0.17782883249373072,
91.0,1.0,-0.17782883249373072,
91.0,0.0,-0.17782883249373072,
92.0,10.0,-3.552713678800501E-15,
92.0,9.0,1.3315506239899548,
92.0,8.0,2.24713355325369,
92.0,7.0,1.2426825855075059,
92.0,6.0,1.351550623989958,
92.0,5.0,3.0871335532536897,
92.0,4.0,1.351550623989958,
92.0,3.0,0.497095921425899,
92.0,2.0,2.362171712444816,
92.0,1.0,-0.10421986804778527,
92.0,0.0,-0.10421986804778527,
93.0,10.0,0.5444694926052058,
93.0,9.0,0.0416745840200079,
93.0,8.0,0.2165392341904706,
93.0,7.0,1.2715392341904703,
93.0,6.0,-0.1474750643388596,
93.0,5.0,-0.1474750643388596,
93.0,4.0,-0.1474750643388596,
93.0,3.0,-0.1474750643388596,
93.0,2.0,-0.1474750643388596,
93.0,1.0,-0.1474750643388596,
93.0,0.0,-0.1474750643388596,
94.0,10.0,-1.1333862499544622,
94.0,9.0,1.548424648450716,
94.0,8.0,2.048206834217474,
94.0,7.0,-0.23632478140877566,
94.0,6.0,-0.23632478140877566,
94.0,5.0,-0.23632478140877566,
94.0,4.0,-0.23632478140877566,
94.0,3.0,-0.23632478140877566,
94.0,2.0,-0.23632478140877566,
94.0,1.0,-0.23632478140877566,
94.0,0.0,-0.23632478140877566,
95.0,10.0,0.231430578680353,
95.0,9.0,0.16012498163672007,
95.0,8.0,2.00250183632739,
95.0,7.0,2.2247195795956145,
95.0,5.0,-0.07776583542313631,
95.0,4.0,0.4636752185912201,
95.0,3.0,0.5945711182219284,
95.0,2.0,-0.13372433632351033,
95.0,1.0,0.4636752185912201,
95.0,0.0,-0.13372433632351033,
96.0,10.0,-0.0434628888646138,
96.0,9.0,0.22275575965242922,
96.0,8.0,0.3566851257148578,
96.0,7.0,0.4776825855075053,
96.0,6.0,1.2576825855075064,
96.0,5.0,-0.1084493760100429,
96.0,4.0,-0.1084493760100429,
96.0,3.0,-0.1084493760100429,
96.0,2.0,-0.1084493760100429,
96.0,1.0,-0.1084493760100429,
96.0,0.0,-0.1084493760100429,
97.0,10.0,-1.1799999999999997,
97.0,9.0,2.7682201532919137,
97.0,8.0,-1.1436537304629013,
97.0,7.0,-1.1436537304629013,
97.0,6.0,-1.1436537304629013,
97.0,5.0,-0.04349956946410671,
97.0,4.0,0.6589497905745354,
97.0,3.0,-0.04349956946410671,
97.0,2.0,0.6589497905745354,
97.0,1.0,-0.04349956946410671,
97.0,0.0,0.6589497905745354,
98.0,10.0,-0.19917737780896516,
98.0,9.0,-2.461775430646444,
98.0,8.0,-2.7268685546841454,
98.0,7.0,-2.7268685546841454,
98.0,6.0,-2.7268685546841454,
98.0,5.0,-2.7268685546841454,
98.0,4.0,-2.7268685546841454,
98.0,3.0,-2.7268685546841454,
98.0,2.0,-2.7268685546841454,
98.0,1.0,-2.7268685546841454,
98.0,0.0,-2.7268685546841454,
99.0,10.0,-0.11417737780896786,
99.0,9.0,-2.4417754306464445,
99.0,8.0,-2.7068685546841422,
99.0,7.0,-2.7068685546841422,
99.0,6.0,-2.7068685546841422,
99.0,5.0,-2.7068685546841422,
99.0,4.0,-2.7068685546841422,
99.0,3.0,-2.7068685546841422,
99.0,2.0,-2.7068685546841422,
99.0,1.0,-2.7068685546841422,
99.0,0.0,-2.7068685546841422,
100.0,10.0,-1.2251446587016908,
100.0,9.0,-0.22677543064644468,
100.0,8.0,-0.05177543064644752,
100.0,7.0,-0.3094360307563946,
100.0,6.0,-3.3172652686581827,
100.0,5.0,-0.3094360307563946,
100.0,4.0,-3.3172652686581827,
100.0,3.0,-0.3094360307563946,
100.0,2.0,-3.3172652686581827,
100.0,1.0,-0.3094360307563946,
100.0,0.0,-3.3172652686581827,
101.0,10.0,-0.29754150235480026,
101.0,9.0,-1.8100997920305808,
101.0,8.0,-1.0017754306464433,
101.0,7.0,-1.0017754306464433,
101.0,6.0,-1.0017754306464433,
101.0,5.0,-1.0017754306464433,
101.0,4.0,-1.0017754306464433,
101.0,3.0,-1.0017754306464433,
101.0,2.0,-1.0017754306464433,
101.0,1.0,-1.0017754306464433,
101.0,0.0,-1.0017754306464433,
102.0,10.0,-0.2525415023548021,
102.0,9.0,-2.5398636659405103,
102.0,8.0,-1.1468685546841435,
102.0,7.0,-1.9048636659405105,
102.0,6.0,-1.7139813129993868,
102.0,5.0,-2.661868554684144,
102.0,4.0,-1.7139813129993868,
102.0,3.0,-2.661868554684144,
102.0,2.0,-1.7139813129993868,
102.0,1.0,-2.661868554684144,
102.0,0.0,-1.7139813129993868,
103.0,10.0,-1.0428640420643802,
103.0,9.0,-0.01215735267421536,
103.0,8.0,-0.04903033260722722,
103.0,7.0,0.5619767423847044,
103.0,6.0,0.5619767423847044,
103.0,5.0,0.5619767423847044,
103.0,4.0,0.5619767423847044,
103.0,3.0,0.5619767423847044,
103.0,2.0,0.5619767423847044,
103.0,1.0,0.5619767423847044,
103.0,0.0,0.5619767423847044,
104.0,10.0,-0.4752217862679906,
104.0,9.0,-0.1497543121674667,
104.0,8.0,0.4560945959352729,
104.0,7.0,-1.7348456064114295,
104.0,6.0,0.4551543935885718,
104.0,5.0,-0.3818344233731956,
104.0,4.0,-0.9748456064114279,
104.0,3.0,-0.9748456064114279,
104.0,2.0,-0.9748456064114279,
104.0,1.0,-0.9748456064114279,
104.0,0.0,-0.9748456064114279,
105.0,10.0,-0.012593633597273168,
105.0,9.0,-5.357916993599943,
106.0,10.0,-0.8519946333567354,
106.0,9.0,0.7090734082920385,
106.0,8.0,-0.8123174144924938,
106.0,7.0,-0.8123174144924938,
106.0,6.0,-0.8123174144924938,
106.0,5.0,-0.8123174144924938,
106.0,4.0,-0.8123174144924938,
106.0,3.0,-0.8123174144924938,
106.0,2.0,-0.8123174144924938,
106.0,1.0,-0.8123174144924938,
106.0,0.0,-0.8123174144924938,
107.0,10.0,0.23847531297683133,
107.0,9.0,1.4426825855075087,
107.0,8.0,-0.8334493760100443,
107.0,7.0,1.4426825855075087,
107.0,6.0,0.47655062398995796,
107.0,5.0,0.47655062398995796,
107.0,4.0,0.47655062398995796,
107.0,3.0,0.47655062398995796,
107.0,2.0,0.47655062398995796,
107.0,1.0,0.47655062398995796,
107.0,0.0,0.47655062398995796,
108.0,10.0,0.06694519985512315,
108.0,9.0,0.1872851177500543,
108.0,8.0,0.1872851177500543,
108.0,7.0,1.5515506239899537,
108.0,6.0,2.0158915793739745,
108.0,5.0,2.3103959707835564,
108.0,4.0,-0.12421986804776708,
108.0,3.0,2.3103959707835564,
108.0,2.0,-0.12421986804776708,
108.0,1.0,2.3103959707835564,
108.0,0.0,-0.12421986804776708,
109.0,10.0,0.0019451998551254235,
109.0,9.0,0.12228511775005302,
109.0,8.0,0.12228511775005302,
109.0,7.0,1.4615506239899574,
109.0,6.0,1.525891579373976,
109.0,5.0,0.7557801319522177,
109.0,4.0,0.7557801319522177,
109.0,3.0,0.7557801319522177,
109.0,2.0,-0.05564843947636078,
109.0,1.0,-0.05564843947636078,
109.0,0.0,-0.05564843947636078,
110.0,10.0,0.17379793223740947,
110.0,9.0,-0.34724424034757106,
110.0,8.0,0.6376825855075055,
110.0,7.0,0.6376825855075055,
110.0,6.0,0.6376825855075055,
110.0,5.0,0.6376825855075055,
110.0,4.0,0.6376825855075055,
110.0,3.0,0.6376825855075055,
110.0,2.0,0.6376825855075055,
110.0,1.0,0.6376825855075055,
110.0,0.0,0.6376825855075055,
111.0,10.0,-0.15050802873704683,
111.0,9.0,-1.926043319491125,
111.0,8.0,-3.3710433194911253,
111.0,7.0,-0.005178027103504235,
111.0,6.0,-0.22996244313144842,
111.0,5.0,0.6700375568685537,
111.0,4.0,1.2948219728965,
111.0,3.0,-0.031779846708083426,
111.0,2.0,1.2948219728965,
111.0,1.0,-0.031779846708083426,
111.0,0.0,1.2948219728965,
112.0,10.0,-0.5419040893937748,
112.0,9.0,-3.3260433194911236,
112.0,8.0,0.7156308929495054,
112.0,7.0,6.263987741668309,
112.0,6.0,-4.1034493760100474,
112.0,5.0,-1.7738661897400405,
112.0,4.0,0.5698219728964986,
112.0,3.0,0.5698219728964986,
112.0,2.0,0.5698219728964986,
112.0,1.0,0.5698219728964986,
112.0,0.0,0.5698219728964986,
113.0,10.0,-0.045725768038366255,
113.0,9.0,0.8065506239899563,
113.0,8.0,2.0315506239899577,
113.0,7.0,2.375866813280247,
113.0,6.0,-0.0823406209158577,
113.0,5.0,-0.056626257681408276,
113.0,4.0,-0.056626257681408276,
113.0,3.0,-0.04284305645357378,
113.0,2.0,-0.04284305645357378,
113.0,1.0,-0.04284305645357378,
113.0,0.0,-0.04284305645357378,
114.0,10.0,-0.35859313288780115,
114.0,9.0,-1.7101780271035025,
114.0,8.0,-2.4356969992738975,
114.0,7.0,-1.0099624431314496,
114.0,6.0,-1.0099624431314496,
114.0,5.0,-1.0099624431314496,
114.0,4.0,-1.0099624431314496,
114.0,3.0,-1.0099624431314496,
114.0,2.0,-1.0099624431314496,
114.0,1.0,-1.0099624431314496,
114.0,0.0,-1.0099624431314496,
115.0,10.0,0.18832852375641096,
115.0,9.0,-0.9317798467080856,
115.0,8.0,-0.22996244313144842,
115.0,7.0,0.6400375568685561,
115.0,6.0,1.264821972896499,
115.0,5.0,-0.06177984670808456,
115.0,4.0,1.264821972896499,
115.0,3.0,-0.06177984670808456,
115.0,2.0,1.264821972896499,
115.0,1.0,-0.06177984670808456,
115.0,0.0,1.264821972896499,
116.0,10.0,-0.13136686329593417,
116.0,9.0,-0.935178027103504,
116.0,8.0,-0.369962443131449,
116.0,7.0,-0.369962443131449,
116.0,6.0,-0.369962443131449,
116.0,5.0,-0.369962443131449,
116.0,4.0,-0.369962443131449,
116.0,3.0,-0.369962443131449,
116.0,2.0,-0.369962443131449,
116.0,1.0,-0.369962443131449,
116.0,0.0,-0.369962443131449,
117.0,10.0,-0.11770932358570008,
117.0,9.0,0.6198219728964958,
117.0,8.0,-0.2901780271035008,
117.0,7.0,-2.613174894392614,
117.0,6.0,0.6198219728964958,
117.0,5.0,0.6198219728964958,
117.0,4.0,0.6198219728964958,
117.0,3.0,0.6198219728964958,
117.0,2.0,0.6198219728964958,
117.0,1.0,0.6198219728964958,
117.0,0.0,0.6198219728964958,
118.0,10.0,-0.17399629924117122,
118.0,9.0,0.736550623989956,
118.0,8.0,0.7218745345650603,
118.0,7.0,2.8365506239899503,
118.0,6.0,2.1315116426562746,
118.0,5.0,2.1315116426562746,
118.0,4.0,2.1315116426562746,
118.0,3.0,2.1315116426562746,
118.0,2.0,2.1315116426562746,
118.0,1.0,2.1315116426562746,
118.0,0.0,2.1315116426562746,
119.0,10.0,-1.0897663821415193,
119.0,9.0,2.1126825855075033,
119.0,8.0,0.7765506239899551,
119.0,7.0,0.7765506239899551,
119.0,6.0,0.7765506239899551,
119.0,5.0,0.7765506239899551,
119.0,4.0,0.7765506239899551,
119.0,3.0,0.7765506239899551,
119.0,2.0,0.7765506239899551,
119.0,1.0,0.7765506239899551,
119.0,0.0,0.7765506239899551,
120.0,10.0,-0.27522371337736473,
120.0,9.0,0.5732201532919134,
120.0,8.0,1.343220153291913,
120.0,7.0,-1.9760433194911222,
120.0,6.0,-1.9760433194911222,
120.0,5.0,-1.9760433194911222,
120.0,4.0,-1.9760433194911222,
120.0,3.0,-0.24782883249372745,
120.0,2.0,-0.24782883249372745,
120.0,1.0,-0.24782883249372745,
120.0,0.0,-0.24782883249372745,
121.0,10.0,-0.26076039370879656,
121.0,9.0,-1.6014558566058383,
121.0,8.0,-0.1007911958104728,
121.0,7.0,1.223560369753102,
121.0,6.0,-0.1007911958104728,
121.0,5.0,1.5085603697530985,
121.0,4.0,1.5085603697530985,
121.0,3.0,1.5085603697530985,
121.0,2.0,1.5085603697530985,
121.0,1.0,1.5085603697530985,
121.0,0.0,1.5085603697530985,
122.0,10.0,0.09655578118168151,
122.0,9.0,-0.3688876909171839,
122.0,8.0,0.5588508172553688,
122.0,7.0,0.5588508172553688,
122.0,6.0,0.5588508172553688,
122.0,5.0,0.5588508172553688,
122.0,4.0,0.5588508172553688,
122.0,3.0,0.5588508172553688,
122.0,2.0,0.5588508172553688,
122.0,1.0,0.5588508172553688,
122.0,0.0,0.5588508172553688,
123.0,10.0,-4.442367897796281,
124.0,10.0,-1.6873678977962818,
124.0,9.0,-1.8973930311540954,
124.0,8.0,-1.8973930311540954,
124.0,7.0,-1.8973930311540954,
124.0,6.0,-1.8973930311540954,
124.0,5.0,-1.8973930311540954,
124.0,4.0,-1.8973930311540954,
124.0,3.0,-1.8973930311540954,
124.0,2.0,-1.8973930311540954,
124.0,1.0,-1.8973930311540954,
124.0,0.0,-1.8973930311540954,
125.0,10.0,-1.7023678977962824,
125.0,9.0,-1.740921821786877,
125.0,8.0,-2.756149182744629,
125.0,7.0,-1.0718636659405654,
125.0,6.0,-1.0718636659405654,
125.0,5.0,-1.0718636659405654,
125.0,4.0,-1.0718636659405654,
125.0,3.0,-1.0718636659405654,
125.0,2.0,-1.0718636659405654,
125.0,1.0,-1.0718636659405654,
125.0,0.0,-1.0718636659405654,
126.0,10.0,-0.1377948067829351,
126.0,9.0,-1.8649579413546853,
126.0,8.0,-1.8649579413546853,
126.0,7.0,-1.7099579413546842,
126.0,6.0,-1.7099579413546842,
126.0,5.0,-1.7099579413546842,
126.0,4.0,-1.7099579413546842,
126.0,3.0,-1.7099579413546842,
126.0,2.0,-1.7099579413546842,
126.0,1.0,-1.7099579413546842,
126.0,0.0,-1.7099579413546842,
127.0,10.0,-0.8185931328877984,
127.0,9.0,-0.16579119581047053,
127.0,8.0,-0.30178685246912096,
127.0,7.0,2.3401363340594408,
127.0,6.0,2.3401363340594408,
127.0,5.0,2.3401363340594408,
127.0,4.0,2.740136334059443,
127.0,3.0,-0.3107911958104701,
127.0,2.0,-0.3107911958104701,
127.0,1.0,-0.3107911958104701,
127.0,0.0,-0.3107911958104701,
128.0,10.0,-0.15864163575260193,
128.0,9.0,-1.0843558991439934,
128.0,8.0,1.2049893590380023,
128.0,7.0,2.9206441008560162,
128.0,6.0,-2.6470773487301997,
128.0,5.0,-2.4293988591750235,
128.0,4.0,0.4306011408249688,
128.0,3.0,-0.18707734873020598,
128.0,2.0,-0.18707734873020598,
128.0,1.0,-0.18707734873020598,
128.0,0.0,-0.18707734873020598,
129.0,10.0,-0.17337285655310808,
129.0,9.0,0.27660520568485936,
129.0,8.0,0.12064410085600485,
129.0,7.0,2.285644100856004,
129.0,6.0,-0.08033635917503545,
129.0,5.0,-0.08033635917503545,
129.0,4.0,-0.04521722049871357,
129.0,3.0,-0.04521722049871357,
129.0,2.0,-0.04521722049871357,
129.0,1.0,-0.04521722049871357,
129.0,0.0,-0.04521722049871357,
130.0,10.0,-0.11976381428915062,
130.0,9.0,-1.786779846708086,
130.0,8.0,2.216136334059442,
130.0,7.0,0.6132201532919126,
130.0,6.0,0.6232201532919177,
130.0,5.0,0.6232201532919177,
130.0,4.0,0.6232201532919177,
130.0,3.0,0.6232201532919177,
130.0,2.0,0.6232201532919177,
130.0,1.0,0.6232201532919177,
130.0,0.0,0.6232201532919177,
131.0,10.0,-0.09952061957070768,
131.0,9.0,-0.8617798467080853,
131.0,8.0,-0.8807911958104704,
131.0,7.0,0.6742088041895293,
131.0,6.0,0.6932201532919144,
131.0,5.0,0.6932201532919144,
131.0,4.0,0.6932201532919144,
131.0,3.0,0.6932201532919144,
131.0,2.0,0.6932201532919144,
131.0,1.0,0.6932201532919144,
131.0,0.0,0.6932201532919144,
132.0,10.0,0.14107190445679763,
132.0,9.0,-1.7567798467080848,
132.0,8.0,-0.16386366594056057,
132.0,7.0,0.7761363340594407,
132.0,6.0,-0.8357911958104722,
132.0,5.0,-0.8357911958104722,
132.0,4.0,-0.8357911958104722,
132.0,3.0,-0.8357911958104722,
132.0,2.0,-0.8357911958104722,
132.0,1.0,-0.8357911958104722,
132.0,0.0,-0.8357911958104722,
133.0,10.0,-0.20239444165102682,
133.0,9.0,1.2582201532919122,
133.0,8.0,0.08822015329191402,
133.0,7.0,2.2048219728964966,
133.0,6.0,1.2782201532919153,
133.0,5.0,-2.461043319491125,
133.0,4.0,1.2782201532919153,
133.0,3.0,-0.3328288324937283,
133.0,2.0,-0.3328288324937283,
133.0,1.0,-0.3328288324937283,
133.0,0.0,-0.3328288324937283,
134.0,10.0,-0.06417675234379772,
134.0,9.0,0.5798219728964966,
134.0,8.0,-0.5301780271035028,
134.0,7.0,-0.03496244313144814,
134.0,6.0,0.5898219728964982,
134.0,5.0,0.5898219728964982,
134.0,4.0,0.5898219728964982,
134.0,3.0,0.5898219728964982,
134.0,2.0,0.5898219728964982,
134.0,1.0,0.5898219728964982,
134.0,0.0,0.5898219728964982,
135.0,10.0,-0.5637380493280837,
135.0,9.0,-1.616316695358524,
135.0,8.0,-2.550957198754901,
135.0,7.0,-0.9730232576152957,
135.0,6.0,-0.9730232576152957,
135.0,5.0,0.7369767423847051,
135.0,4.0,-0.9730232576152957,
135.0,3.0,-0.9730232576152957,
135.0,2.0,-0.9730232576152957,
135.0,1.0,-0.9730232576152957,
135.0,0.0,-0.9730232576152957,
136.0,10.0,-1.6421834747883786,
136.0,9.0,1.3586833046414775,
136.0,8.0,-6.404863665940567,
137.0,10.0,0.2356359931967411,
137.0,9.0,-1.7101780271035025,
137.0,8.0,-0.8395786881911995,
137.0,7.0,-0.8395786881911995,
137.0,6.0,-0.8395786881911995,
137.0,5.0,-0.8395786881911995,
137.0,4.0,-0.8395786881911995,
137.0,3.0,-0.8395786881911995,
137.0,2.0,-0.8395786881911995,
137.0,1.0,-0.8395786881911995,
137.0,0.0,-0.8395786881911995,
138.0,10.0,-0.12095012124122562,
138.0,9.0,-0.17386618974004264,
138.0,8.0,1.3561338102599585,
138.0,7.0,-1.0991962155352581,
138.0,6.0,-1.0991962155352581,
138.0,5.0,-0.07849956946410686,
138.0,4.0,0.6239497905745353,
138.0,3.0,-0.07849956946410686,
138.0,2.0,0.6239497905745353,
138.0,1.0,-0.07849956946410686,
138.0,0.0,0.6239497905745353,
139.0,10.0,0.09287100597617837,
139.0,9.0,-0.41670385942111565,
139.0,8.0,-0.8373174144924924,
139.0,7.0,-0.8373174144924924,
139.0,6.0,-0.8373174144924924,
139.0,5.0,-0.8373174144924924,
139.0,4.0,-0.8373174144924924,
139.0,3.0,-0.8373174144924924,
139.0,2.0,-0.8373174144924924,
139.0,1.0,-0.8373174144924924,
139.0,0.0,-0.8373174144924924,
140.0,10.0,0.3537176199358463,
140.0,9.0,-0.23419621553525616,
140.0,8.0,-0.8623174144924945,
140.0,7.0,-0.8623174144924945,
140.0,6.0,-0.8623174144924945,
140.0,5.0,-0.8623174144924945,
140.0,4.0,-0.8623174144924945,
140.0,3.0,-0.8623174144924945,
140.0,2.0,-0.8623174144924945,
140.0,1.0,-0.8623174144924945,
140.0,0.0,-0.8623174144924945,
141.0,10.0,-0.06801637733232013,
141.0,9.0,-1.0831595570300578,
141.0,8.0,-0.13503825915935863,
141.0,7.0,-1.0831595570300578,
141.0,6.0,1.8795560384377872,
141.0,5.0,-0.25677984670808485,
141.0,4.0,0.5199617408406425,
141.0,3.0,0.5199617408406425,
141.0,2.0,0.5199617408406425,
141.0,1.0,0.5199617408406425,
141.0,0.0,0.5199617408406425,
142.0,10.0,0.0807261510131525,
142.0,9.0,1.2349059968930867,
142.0,8.0,2.2374815617223973,
142.0,7.0,0.23513946544762376,
142.0,6.0,0.25325078963908965,
142.0,5.0,0.46798059559503,
142.0,4.0,0.46798059559503,
142.0,3.0,0.46798059559503,
142.0,2.0,0.46798059559503,
142.0,1.0,0.46798059559503,
142.0,0.0,0.46798059559503,
143.0,10.0,0.13845645532071416,
143.0,9.0,-0.04722554416879632,
143.0,8.0,0.5626825855075062,
143.0,7.0,0.5626825855075062,
143.0,6.0,0.5626825855075062,
143.0,5.0,0.5626825855075062,
143.0,4.0,0.5626825855075062,
143.0,3.0,0.5626825855075062,
143.0,2.0,0.5626825855075062,
143.0,1.0,0.5626825855075062,
143.0,0.0,0.5626825855075062,
144.0,10.0,-0.3171542910524252,
144.0,9.0,-0.14709097716204766,
144.0,8.0,1.3519767423847036,
144.0,7.0,0.6519767423847043,
144.0,6.0,1.3519767423847036,
144.0,5.0,1.3519767423847036,
144.0,4.0,1.3519767423847036,
144.0,3.0,1.3519767423847036,
144.0,2.0,1.3519767423847036,
144.0,1.0,1.3519767423847036,
144.0,0.0,1.3519767423847036,
145.0,10.0,-0.0044165380793828035,
145.0,9.0,-1.7763166953585205,
145.0,8.0,-2.7109571987548975,
145.0,7.0,-2.7109571987548975,
145.0,6.0,-2.7109571987548975,
145.0,5.0,-2.7109571987548975,
145.0,4.0,-2.7109571987548975,
145.0,3.0,-2.7109571987548975,
145.0,2.0,-2.7109571987548975,
145.0,1.0,-2.7109571987548975,
145.0,0.0,-2.7109571987548975,
146.0,10.0,1.4797889079903968,
146.0,9.0,-0.057317414492498386,
146.0,8.0,-0.057317414492494834,
146.0,7.0,-0.057317414492494834,
146.0,6.0,-0.057317414492494834,
146.0,5.0,-0.057317414492494834,
146.0,4.0,-0.057317414492494834,
146.0,3.0,-0.057317414492494834,
146.0,2.0,-0.057317414492494834,
146.0,1.0,-0.057317414492494834,
146.0,0.0,-0.057317414492494834,
147.0,10.0,-0.12330898806543189,
147.0,9.0,-4.198363665940562,
147.0,8.0,-5.011709462295439,
147.0,7.0,-5.011709462295439,
147.0,6.0,-5.011709462295439,
147.0,5.0,-5.011709462295439,
147.0,4.0,-5.011709462295439,
147.0,3.0,-5.011709462295439,
147.0,2.0,-5.011709462295439,
147.0,1.0,-5.011709462295439,
147.0,0.0,-5.011709462295439,
148.0,10.0,-0.12330898806543189,
148.0,9.0,-2.6733636659405633,
148.0,8.0,-3.2817094622954386,
148.0,7.0,-4.081709462295439,
148.0,6.0,-4.081709462295439,
148.0,5.0,-4.126709462295439,
148.0,4.0,-4.126709462295439,
148.0,3.0,-4.126709462295439,
148.0,2.0,-4.126709462295439,
148.0,1.0,-4.126709462295439,
148.0,0.0,-4.126709462295439,
149.0,10.0,-1.7835595453406587,
149.0,9.0,-12.704433934951322,
149.0,8.0,-13.477666329976525,
150.0,10.0,-0.14294541496959567,
150.0,9.0,0.01176442822297119,
150.0,8.0,0.30142871537674054,
150.0,7.0,0.5437367281290157,
150.0,6.0,0.5437367281290157,
150.0,5.0,0.5437367281290157,
150.0,4.0,0.5437367281290157,
150.0,3.0,0.5437367281290157,
150.0,2.0,0.5437367281290157,
150.0,1.0,0.5437367281290157,
150.0,0.0,0.5437367281290157,
151.0,10.0,-0.12501614585842447,
151.0,9.0,-4.661709462295439,
152.0,10.0,-0.1674083052689408,
152.0,9.0,-3.34670946229544,
152.0,8.0,-4.661709462295439,
153.0,10.0,-0.32085844880280234,
153.0,9.0,-2.5248636659405683,
153.0,8.0,-1.021709462295437,
153.0,7.0,-2.541184052719238,
153.0,6.0,-2.4721677983561925,
153.0,5.0,-2.4721677983561925,
153.0,4.0,-2.4721677983561925,
153.0,3.0,-2.4721677983561925,
153.0,2.0,-2.4721677983561925,
153.0,1.0,-2.4721677983561925,
153.0,0.0,-2.4721677983561925,
154.0,10.0,-1.6408584488028009,
154.0,9.0,-0.3317094622954393,
154.0,8.0,-3.461184052719238,
154.0,7.0,-2.6867094622954397,
154.0,6.0,-1.9417094622954387,
154.0,5.0,-1.9417094622954387,
154.0,4.0,-1.9417094622954387,
154.0,3.0,-1.9417094622954387,
154.0,2.0,-1.9417094622954387,
154.0,1.0,-1.9417094622954387,
154.0,0.0,-1.9417094622954387,
155.0,10.0,-0.030858448802803196,
155.0,9.0,-2.559863665940565,
155.0,8.0,-2.731709462295438,
155.0,7.0,-1.9567094622954393,
155.0,6.0,-1.9567094622954393,
155.0,5.0,-1.9567094622954393,
155.0,4.0,-1.9567094622954393,
155.0,3.0,-1.9567094622954393,
155.0,2.0,-1.9567094622954393,
155.0,1.0,-1.9567094622954393,
155.0,0.0,-1.9567094622954393,
156.0,10.0,-0.19802031546147525,
156.0,9.0,-2.4067094622954386,
156.0,8.0,-3.3167094622954387,
156.0,7.0,-4.0717094622954395,
157.0,10.0,-0.2419203938055947,
157.0,9.0,-4.47170946229544,
157.0,8.0,-1.8167094622954387,
158.0,10.0,-0.03167428346188217,
158.0,9.0,-2.4617094622954383,
158.0,8.0,-3.5617094622954397,
158.0,7.0,-4.27670946229544,
159.0,10.0,-0.24309508181244865,
159.0,9.0,-3.4567094622954393,
159.0,8.0,-4.75670946229544,
160.0,10.0,-0.05691413099432374,
160.0,9.0,-2.7117094622954383,
160.0,8.0,-2.4417094622954387,
160.0,7.0,-2.7117094622954383,
160.0,6.0,-2.7117094622954383,
160.0,5.0,-2.7117094622954383,
160.0,4.0,-2.7117094622954383,
160.0,3.0,-2.7117094622954383,
160.0,2.0,-2.7117094622954383,
160.0,1.0,-2.7117094622954383,
160.0,0.0,-2.7117094622954383,
161.0,10.0,-0.32038187342489266,
161.0,9.0,-3.20118361875393,
161.0,8.0,-1.181183618753927,
161.0,7.0,-1.8898636659405597,
161.0,6.0,-3.20118361875393,
161.0,5.0,-3.20118361875393,
161.0,4.0,-3.20118361875393,
161.0,3.0,-3.20118361875393,
161.0,2.0,-3.20118361875393,
161.0,1.0,-3.20118361875393,
161.0,0.0,-3.20118361875393,
162.0,10.0,-1.774639266366954,
162.0,9.0,-2.524017554658162,
162.0,8.0,-0.829017554658158,
162.0,7.0,-1.8514546270839674,
162.0,6.0,-2.524017554658162,
162.0,5.0,-2.524017554658162,
162.0,4.0,-2.524017554658162,
162.0,3.0,-2.524017554658162,
162.0,2.0,-2.524017554658162,
162.0,1.0,-2.524017554658162,
162.0,0.0,-2.524017554658162,
163.0,10.0,0.15493103680124776,
163.0,9.0,-1.0045171606435588,
163.0,8.0,-2.653601561449424,
163.0,7.0,0.4482849325443894,
163.0,6.0,-1.6129714760704168,
163.0,5.0,1.2464720849080777,
163.0,4.0,-1.6129714760704168,
163.0,3.0,1.2464720849080777,
163.0,2.0,-1.6129714760704168,
163.0,1.0,1.2464720849080777,
163.0,0.0,-1.6129714760704168,
164.0,10.0,-1.131707593503144,
164.0,9.0,-1.9354082836222979,
164.0,8.0,-4.115408283622298,
164.0,7.0,-3.5284499232666597,
164.0,6.0,-3.5284499232666597,
164.0,5.0,-3.5284499232666597,
164.0,4.0,-3.5284499232666597,
164.0,3.0,-3.5284499232666597,
164.0,2.0,-3.5284499232666597,
164.0,1.0,-3.5284499232666597,
164.0,0.0,-3.5284499232666597,
165.0,10.0,-1.8593903943753993,
165.0,9.0,0.42459171637770154,
165.0,8.0,-0.12902879774642528,
165.0,7.0,-1.965408283622299,
165.0,6.0,-0.05556366594055007,
165.0,5.0,-0.05556366594055007,
165.0,4.0,-0.05556366594055007,
165.0,3.0,-0.05556366594055007,
165.0,2.0,-0.05556366594055007,
165.0,1.0,-0.05556366594055007,
165.0,0.0,-0.05556366594055007,
166.0,10.0,-0.02097789326342081,
166.0,9.0,2.2254828393564416,
166.0,8.0,0.7900000000000027,
166.0,7.0,2.3232849325443894,
166.0,6.0,2.2254828393564416,
166.0,5.0,2.2254828393564416,
166.0,4.0,2.2254828393564416,
166.0,3.0,2.2254828393564416,
166.0,2.0,2.2254828393564416,
166.0,1.0,2.2254828393564416,
166.0,0.0,2.2254828393564416,
167.0,10.0,-0.1218064179942786,
167.0,9.0,-1.7518064179942776,
167.0,8.0,-0.12180641799427505,
167.0,7.0,-1.7518064179942776,
167.0,6.0,-0.8668064179942796,
167.0,5.0,-0.8668064179942796,
167.0,4.0,-0.8668064179942796,
167.0,3.0,-0.8668064179942796,
167.0,2.0,-0.8668064179942796,
167.0,1.0,-0.8668064179942796,
167.0,0.0,-0.8668064179942796,
