MCTS_SIM,Day,Hour,HourAhead,Error
50000,0,0,0,113299.21893648955
50000,0,0,1,76932.88302103653
50000,0,0,2,48561.49087931533
50000,0,0,3,38929.60392643273
50000,0,0,4,3732.9221363190045
50000,0,0,5,-17708.018185808203
50000,0,0,6,-152234.83092396508
50000,0,0,7,-658477.020257941
50000,0,0,8,-684418.6652193029
50000,0,0,9,-1544276.9987475255
50000,0,1,0,21449.110294504735
50000,0,1,1,6490.522148052305
50000,0,1,2,-171.3103025969358
50000,0,1,3,-7118.215970756373
50000,0,1,4,-24644.710721273477
50000,0,1,5,-40360.118851533385
50000,0,1,6,-63930.613389085716
50000,0,1,7,-118938.97080752796
50000,0,1,8,-873654.5996494644
50000,0,1,9,-1065644.6378713062
50000,0,2,0,245709.13309087502
50000,0,2,1,227773.16382638292
50000,0,2,2,213965.43025344604
50000,0,2,3,191580.7490807316
50000,0,2,4,190383.15577899263
50000,0,2,5,38144.39346593822
50000,0,2,6,-89407.87065933531
50000,0,2,7,-499308.07732027513
50000,0,2,8,-560243.2914453706
50000,0,2,9,-1256603.2026091602
50000,0,3,0,142419.9273851388
50000,0,3,1,84389.39047301761
50000,0,3,2,43382.887224769605
50000,0,3,3,30498.28825999105
50000,0,3,4,-4438.7335913785355
50000,0,3,5,-120665.11414299559
50000,0,3,6,-661498.6549907248
50000,0,3,7,-510336.17034753814
50000,0,3,8,-833835.158925278
50000,0,3,9,-992936.0227708826
50000,0,4,0,65092.00596727769
50000,0,4,1,45918.77558813017
50000,0,4,2,35259.05669760644
50000,0,4,3,24285.374585313446
50000,0,4,4,6886.372343089362
50000,0,4,5,-12474.605694221209
50000,0,4,6,-149763.5452639678
50000,0,4,7,-603776.9958507838
50000,0,4,8,-659371.4358533442
50000,0,4,9,-1010219.0090794954
50000,0,5,0,127669.34972722235
50000,0,5,1,116457.86702691473
50000,0,5,2,106286.65707689444
50000,0,5,3,99324.38081365668
50000,0,5,4,81102.00447790654
50000,0,5,5,36407.96053966756
50000,0,5,6,-50422.06891748222
50000,0,5,7,-28156.645249531837
50000,0,5,8,-897721.5430150051
50000,0,5,9,-1232206.2524622339
50000,0,6,0,14021.785367701841
50000,0,6,1,-7914.316586448716
50000,0,6,2,-28000.285683174156
50000,0,6,3,-60260.611521317376
50000,0,6,4,-193794.72431137247
50000,0,6,5,-377286.9145141462
50000,0,6,6,-681650.2866536661
50000,0,6,7,-916668.2324507321
50000,0,6,8,-491917.3017203166
50000,0,6,9,-1336471.3842863028
50000,0,7,0,23162.020284896433
50000,0,7,1,15992.825907510694
50000,0,7,2,6264.920025692889
50000,0,7,3,3577.9303362494866
50000,0,7,4,-17094.53220754616
50000,0,7,5,-29260.923898497327
50000,0,7,6,-38881.78839984869
50000,0,7,7,-488413.03425287065
50000,0,7,8,-1119568.3313088354
50000,0,7,9,-1151511.80182957
50000,0,8,0,433.21391188959933
50000,0,8,1,-24027.94347794707
50000,0,8,2,-67506.93411505362
50000,0,8,3,-173831.28147553845
50000,0,8,4,-246685.5744809142
50000,0,8,5,-490764.29485548707
50000,0,8,6,-572809.9065047379
50000,0,8,7,-784703.6256001008
50000,0,8,8,-1465461.1078359163
50000,0,8,9,-1208725.7127967007
50000,0,9,0,-12633.327643689114
50000,0,9,1,-27968.674146661277
50000,0,9,2,-42110.65715182944
50000,0,9,3,-53124.74782619813
50000,0,9,4,-166057.9301154876
50000,0,9,5,-355783.82637570746
50000,0,9,6,-852217.8755763621
50000,0,9,7,-1217271.469918826
50000,0,9,8,-1056631.2144152722
50000,0,9,9,-1326041.2692598328
50000,0,10,0,34206.08306452459
50000,0,10,1,34206.08306452459
50000,0,10,2,34206.08306452459
50000,0,10,3,34206.08306452459
50000,0,10,4,34206.08306452459
50000,0,10,5,34206.08306452459
50000,0,10,6,34206.08306452459
50000,0,10,7,34206.08306452459
50000,0,10,8,-1635815.1439076501
50000,0,10,9,-862682.9973128022
50000,0,11,0,29267.01868106874
50000,0,11,1,29267.01868106874
50000,0,11,2,29267.01868106874
50000,0,11,3,29267.01868106874
50000,0,11,4,29267.01868106874
50000,0,11,5,29267.01868106874
50000,0,11,6,29267.01868106874
50000,0,11,7,29267.01868106874
50000,0,11,8,29267.01868106874
50000,0,11,9,-1191894.4642572575
50000,0,12,0,-11749.129615615626
50000,0,12,1,-19911.295627899068
50000,0,12,2,-34186.6560270747
50000,0,12,3,-37966.71881763657
50000,0,12,4,-93299.86750045506
50000,0,12,5,-69146.48088099153
50000,0,12,6,-104622.70224666057
50000,0,12,7,-761954.4741195112
50000,0,12,8,-1080028.3833593973
50000,0,12,9,-1474183.4674080517
50000,0,13,0,43497.60139627318
50000,0,13,1,43497.60139627318
50000,0,13,2,43497.60139627318
50000,0,13,3,43497.60139627318
50000,0,13,4,43497.60139627318
50000,0,13,5,43497.60139627318
50000,0,13,6,43497.60139627318
50000,0,13,7,43497.60139627318
50000,0,13,8,43497.60139627318
50000,0,13,9,-1380040.5246680065
50000,0,14,0,27228.13790503939
50000,0,14,1,16252.757526235164
50000,0,14,2,9084.927746005113
50000,0,14,3,227.51117568986956
50000,0,14,4,-8969.486697284083
50000,0,14,5,-36713.656370013414
50000,0,14,6,-83976.59195172429
50000,0,14,7,-133298.91431652024
50000,0,14,8,-254511.16731204579
50000,0,14,9,-983425.6257140936
50000,0,15,0,-19428.140619482994
50000,0,15,1,-28036.16099454753
50000,0,15,2,-35926.019341656465
50000,0,15,3,-39360.0632736928
50000,0,15,4,-68324.3005129197
50000,0,15,5,-90265.40813485403
50000,0,15,6,-368342.1985765396
50000,0,15,7,-484027.4110740285
50000,0,15,8,-790850.1385139178
50000,0,15,9,-859779.7984507817
50000,0,16,0,128463.21763021577
50000,0,16,1,83407.23741572129
50000,0,16,2,-15847.217430301658
50000,0,16,3,-120750.58037595093
50000,0,16,4,-218522.70784575917
50000,0,16,5,-433405.79919862706
50000,0,16,6,-694956.8121426657
50000,0,16,7,-913783.8084623187
50000,0,16,8,-1341172.0051055572
50000,0,16,9,-1273349.8744092532
50000,0,17,0,40982.690786385734
50000,0,17,1,40982.690786385734
50000,0,17,2,40982.690786385734
50000,0,17,3,40982.690786385734
50000,0,17,4,40982.690786385734
50000,0,17,5,40982.690786385734
50000,0,17,6,40982.690786385734
50000,0,17,7,40982.690786385734
50000,0,17,8,40982.690786385734
50000,0,17,9,-1213257.7362451109
50000,0,18,0,38241.35904143355
50000,0,18,1,24219.22468024811
50000,0,18,2,12215.219499031213
50000,0,18,3,4371.762159513484
50000,0,18,4,-14671.830229398009
50000,0,18,5,-64940.1257585289
50000,0,18,6,-596233.0206082918
50000,0,18,7,-394156.89634810726
50000,0,18,8,-910309.7018176328
50000,0,18,9,-1321557.9008859547
50000,0,19,0,560765.849494717
50000,0,19,1,523554.1554407039
50000,0,19,2,499661.4761789391
50000,0,19,3,490834.2929990343
50000,0,19,4,476484.98636290245
50000,0,19,5,448309.71071419126
50000,0,19,6,431819.66082650126
50000,0,19,7,396666.60457706434
50000,0,19,8,-250584.6181205706
50000,0,19,9,-300638.72444999235
50000,0,20,0,36521.05259242351
50000,0,20,1,36521.05259242351
50000,0,20,2,36521.05259242351
50000,0,20,3,36521.05259242351
50000,0,20,4,36521.05259242351
50000,0,20,5,36521.05259242351
50000,0,20,6,36521.05259242351
50000,0,20,7,36521.05259242351
50000,0,20,8,-1170428.1068587147
50000,0,20,9,-1090236.0484760725
50000,0,21,0,112127.8198940101
50000,0,21,1,53686.3633047491
50000,0,21,2,-7225.06689799489
50000,0,21,3,-90556.71010156647
50000,0,21,4,-204763.18995309563
50000,0,21,5,-377637.3569954238
50000,0,21,6,-410181.2679048053
50000,0,21,7,-1058095.72342932
50000,0,21,8,-846625.293496718
50000,0,21,9,-1556532.34378936
50000,0,22,0,-4443.694737819997
50000,0,22,1,-22370.800124095927
50000,0,22,2,-62333.73364183433
50000,0,22,3,-127183.49260756208
50000,0,22,4,-239168.73274063307
50000,0,22,5,-359376.94256734784
50000,0,22,6,-598528.84050206
50000,0,22,7,-974723.4131469073
50000,0,22,8,-1342115.7203489318
50000,0,22,9,-1335089.815193001
50000,0,23,0,91742.01042985177
50000,0,23,1,46754.353836711925
50000,0,23,2,-14770.68427331996
50000,0,23,3,-95852.30045785922
50000,0,23,4,-226521.60775757802
50000,0,23,5,-409362.3682238864
50000,0,23,6,-572104.5114549715
50000,0,23,7,-1134858.905277401
50000,0,23,8,-1339727.5273102499
50000,0,23,9,-1197465.2699582232
50000,1,0,0,21996.244924069284
50000,1,0,1,3371.812538496206
50000,1,0,2,-11952.037145672171
50000,1,0,3,-14413.302183196922
50000,1,0,4,-38577.59887624492
50000,1,0,5,-104819.1301163121
50000,1,0,6,-467762.57296441286
50000,1,0,7,-668662.443088545
50000,1,0,8,-702918.442042055
50000,1,0,9,-1250946.4582681423
50000,1,1,0,175140.84218304828
50000,1,1,1,86386.5249702102
50000,1,1,2,10537.12476108672
50000,1,1,3,-87115.30939757993
50000,1,1,4,-180428.7833212836
50000,1,1,5,-336440.6989366679
50000,1,1,6,-694105.508906809
50000,1,1,7,-1062399.771352676
50000,1,1,8,-610835.728139565
50000,1,1,9,-1782656.9274157821
50000,1,2,0,2768.789420404466
50000,1,2,1,2768.789420404466
50000,1,2,2,2768.789420404466
50000,1,2,3,2768.789420404466
50000,1,2,4,2768.789420404466
50000,1,2,5,2768.789420404466
50000,1,2,6,2768.789420404466
50000,1,2,7,2768.789420404466
50000,1,2,8,2768.789420404466
50000,1,2,9,-1112249.6800970691
50000,1,3,0,5468.723687430119
50000,1,3,1,5468.723687430119
50000,1,3,2,5468.723687430119
50000,1,3,3,5468.723687430119
50000,1,3,4,5468.723687430119
50000,1,3,5,5468.723687430119
50000,1,3,6,5468.723687430119
50000,1,3,7,5468.723687430119
50000,1,3,8,5468.723687430119
50000,1,3,9,-590376.2003391939
50000,1,4,0,161015.68664102192
50000,1,4,1,109821.8822214796
50000,1,4,2,81086.6246776552
50000,1,4,3,68990.99727808946
50000,1,4,4,37112.98929976606
50000,1,4,5,-5531.263832810178
50000,1,4,6,-172635.51174758654
50000,1,4,7,-738182.573644955
50000,1,4,8,-957602.356836621
50000,1,4,9,-1027159.6958130491
50000,1,5,0,14124.040558988987
50000,1,5,1,14124.040558988987
50000,1,5,2,14124.040558988987
50000,1,5,3,14124.040558988987
50000,1,5,4,14124.040558988987
50000,1,5,5,14124.040558988987
50000,1,5,6,14124.040558988987
50000,1,5,7,14124.040558988987
50000,1,5,8,14124.040558988987
50000,1,5,9,14124.040558988987
50000,1,6,0,7886.269132481011
50000,1,6,1,-6467.9962631151975
50000,1,6,2,-19567.45261888558
50000,1,6,3,-23803.556214481025
50000,1,6,4,-63235.7922073455
50000,1,6,5,-72204.12267781449
50000,1,6,6,-282135.1677569164
50000,1,6,7,-788227.3964775786
50000,1,6,8,-1121370.116248307
50000,1,6,9,-1767374.4955725698
50000,1,7,0,75617.3923143688
50000,1,7,1,75617.3923143688
50000,1,7,2,75617.3923143688
50000,1,7,3,75617.3923143688
50000,1,7,4,75617.3923143688
50000,1,7,5,75617.3923143688
50000,1,7,6,75617.3923143688
50000,1,7,7,75617.3923143688
50000,1,7,8,75617.3923143688
50000,1,7,9,75617.3923143688
50000,1,8,0,16863.97303294204
50000,1,8,1,857.6586350344201
50000,1,8,2,-11019.989381280135
50000,1,8,3,-14289.609183417691
50000,1,8,4,-38052.42728599896
50000,1,8,5,-67178.0123109966
50000,1,8,6,-463835.2005818294
50000,1,8,7,-515567.4856450294
50000,1,8,8,-1165948.5103390722
50000,1,8,9,-917600.1654924786
50000,1,9,0,-5522.073832836966
50000,1,9,1,-27395.678828197557
50000,1,9,2,-65512.32063959929
50000,1,9,3,-139369.59463577403
50000,1,9,4,-230295.42854734007
50000,1,9,5,-420768.2501661771
50000,1,9,6,-624785.1489805233
50000,1,9,7,-1045028.3212849922
50000,1,9,8,-1172071.3236509024
50000,1,9,9,-1495209.118415682
50000,1,10,0,35893.903011482376
50000,1,10,1,24343.663556594398
50000,1,10,2,14112.008279769088
50000,1,10,3,8293.475552990763
50000,1,10,4,-10111.788434317561
50000,1,10,5,-26530.980832898982
50000,1,10,6,-55045.04117560137
50000,1,10,7,-681811.6345448376
50000,1,10,8,-1332221.0424822827
50000,1,10,9,-1076413.3312458303
50000,1,11,0,-26959.964584075013
50000,1,11,1,-63131.059416636934
50000,1,11,2,-133169.39211892922
50000,1,11,3,-226067.9385708447
50000,1,11,4,-384522.1245334799
50000,1,11,5,-612455.4411572387
50000,1,11,6,-908532.1298996563
50000,1,11,7,-1367077.703675011
50000,1,11,8,-1320783.896283992
50000,1,11,9,-1949116.982417233
50000,1,12,0,51581.23214288906
50000,1,12,1,41077.44983665111
50000,1,12,2,31715.081410843923
50000,1,12,3,22250.657929949783
50000,1,12,4,3353.0050786055654
50000,1,12,5,-195712.64129704365
50000,1,12,6,-381642.78035217465
50000,1,12,7,-596915.4479030924
50000,1,12,8,-648088.0961207252
50000,1,12,9,-1311264.3637522499
50000,1,13,0,50616.94938275189
50000,1,13,1,50616.94938275189
50000,1,13,2,50616.94938275189
50000,1,13,3,50616.94938275189
50000,1,13,4,50616.94938275189
50000,1,13,5,50616.94938275189
50000,1,13,6,50616.94938275189
50000,1,13,7,50616.94938275189
50000,1,13,8,50616.94938275189
50000,1,13,9,50616.94938275189
50000,1,14,0,138880.21845967358
50000,1,14,1,138880.21845967358
50000,1,14,2,138880.21845967358
50000,1,14,3,138880.21845967358
50000,1,14,4,138880.21845967358
50000,1,14,5,138880.21845967358
50000,1,14,6,138880.21845967358
50000,1,14,7,138880.21845967358
50000,1,14,8,138880.21845967358
50000,1,14,9,-450994.3235764592
50000,1,15,0,85848.31849567563
50000,1,15,1,43552.33438774146
50000,1,15,2,-13301.389947749645
50000,1,15,3,-89299.9772186754
50000,1,15,4,-177776.48585654132
50000,1,15,5,-362432.73140507087
50000,1,15,6,-591452.28863684
50000,1,15,7,-920693.3366079129
50000,1,15,8,-1378751.0514219783
50000,1,15,9,-1256217.775009702
50000,1,16,0,93195.23843389493
50000,1,16,1,70148.91363221098
50000,1,16,2,53879.96367254121
50000,1,16,3,39443.79608535911
50000,1,16,4,16028.643859258553
50000,1,16,5,-4170.551827944444
50000,1,16,6,-181596.76701689404
50000,1,16,7,-455349.4794528504
50000,1,16,8,-739017.611116239
50000,1,16,9,-1188780.6870198073
50000,1,17,0,18020.325207815808
50000,1,17,1,18020.325207815808
50000,1,17,2,18020.325207815808
50000,1,17,3,18020.325207815808
50000,1,17,4,18020.325207815808
50000,1,17,5,18020.325207815808
50000,1,17,6,18020.325207815808
50000,1,17,7,18020.325207815808
50000,1,17,8,18020.325207815808
50000,1,17,9,18020.325207815808
50000,1,18,0,180964.61061963608
50000,1,18,1,170498.33310955932
50000,1,18,2,161260.20258285123
50000,1,18,3,157327.67779971278
50000,1,18,4,141451.73720224475
50000,1,18,5,128258.23157975469
50000,1,18,6,1784.3191569253395
50000,1,18,7,-311297.29111493053
50000,1,18,8,-971352.8061334058
50000,1,18,9,-1095322.950868643
50000,1,19,0,25606.994460749764
50000,1,19,1,25606.994460749764
50000,1,19,2,25606.994460749764
50000,1,19,3,25606.994460749764
50000,1,19,4,25606.994460749764
50000,1,19,5,25606.994460749764
50000,1,19,6,25606.994460749764
50000,1,19,7,25606.994460749764
50000,1,19,8,25606.994460749764
50000,1,19,9,25606.994460749764
50000,1,20,0,29748.556130947392
50000,1,20,1,29748.556130947392
50000,1,20,2,29748.556130947392
50000,1,20,3,29748.556130947392
50000,1,20,4,29748.556130947392
50000,1,20,5,29748.556130947392
50000,1,20,6,29748.556130947392
50000,1,20,7,29748.556130947392
50000,1,20,8,-924993.412891877
50000,1,20,9,-1343637.4655562644
50000,1,21,0,24696.004281501886
50000,1,21,1,13462.121788738474
50000,1,21,2,7896.176985368962
50000,1,21,3,-3835.9178110073117
50000,1,21,4,-11069.811953151635
50000,1,21,5,-72419.48187562673
50000,1,21,6,-299854.0873409851
50000,1,21,7,-565004.8587485312
50000,1,21,8,-628045.769288911
50000,1,21,9,-1362561.4297845976
50000,1,22,0,26652.122453912907
50000,1,22,1,26652.122453912907
50000,1,22,2,26652.122453912907
50000,1,22,3,26652.122453912907
50000,1,22,4,26652.122453912907
50000,1,22,5,26652.122453912907
50000,1,22,6,26652.122453912907
50000,1,22,7,26652.122453912907
50000,1,22,8,26652.122453912907
50000,1,22,9,-1061001.1511479004
50000,1,23,0,11374.072454234905
50000,1,23,1,11374.072454234905
50000,1,23,2,11374.072454234905
50000,1,23,3,11374.072454234905
50000,1,23,4,11374.072454234905
50000,1,23,5,11374.072454234905
50000,1,23,6,11374.072454234905
50000,1,23,7,11374.072454234905
50000,1,23,8,11374.072454234905
50000,1,23,9,11374.072454234905
50000,2,0,0,24110.872005879635
50000,2,0,1,24110.872005879635
50000,2,0,2,24110.872005879635
50000,2,0,3,24110.872005879635
50000,2,0,4,24110.872005879635
50000,2,0,5,24110.872005879635
50000,2,0,6,24110.872005879635
50000,2,0,7,24110.872005879635
50000,2,0,8,-994840.5822040755
50000,2,0,9,-121731.47542699262
50000,2,1,0,48522.02029398274
50000,2,1,1,36730.454523859844
50000,2,1,2,26912.63519318091
50000,2,1,3,24167.608094496863
50000,2,1,4,-909.5540755762631
50000,2,1,5,-23074.978361722082
50000,2,1,6,-284508.8828858662
50000,2,1,7,-805672.6462126883
50000,2,1,8,-744929.0605833093
50000,2,1,9,-1017376.2161072998
50000,2,2,0,13281.029675790485
50000,2,2,1,13281.029675790485
50000,2,2,2,13281.029675790485
50000,2,2,3,13281.029675790485
50000,2,2,4,13281.029675790485
50000,2,2,5,13281.029675790485
50000,2,2,6,13281.029675790485
50000,2,2,7,13281.029675790485
50000,2,2,8,13281.029675790485
50000,2,2,9,-974743.0639034031
50000,2,3,0,103116.99784963533
50000,2,3,1,72239.43558633112
50000,2,3,2,47562.51166344255
50000,2,3,3,24733.069993222198
50000,2,3,4,-8091.590554007562
50000,2,3,5,-4463.621639764893
50000,2,3,6,-287067.2755087947
50000,2,3,7,-384931.7673515104
50000,2,3,8,-576929.0753245115
50000,2,3,9,-1130624.9422054768
50000,2,4,0,-12713.254311722649
50000,2,4,1,-21277.581438211022
50000,2,4,2,-25847.89499370166
50000,2,4,3,-33423.82428177336
50000,2,4,4,-41178.314437095614
50000,2,4,5,-69317.31611304793
50000,2,4,6,-361300.8800631689
50000,2,4,7,-785230.3768413183
50000,2,4,8,-1049945.9428706297
50000,2,4,9,-1437994.176666065
50000,2,5,0,2885.6997776010185
50000,2,5,1,2885.6997776010185
50000,2,5,2,2885.6997776010185
50000,2,5,3,2885.6997776010185
50000,2,5,4,2885.6997776010185
50000,2,5,5,2885.6997776010185
50000,2,5,6,2885.6997776010185
50000,2,5,7,2885.6997776010185
50000,2,5,8,2885.6997776010185
50000,2,5,9,2885.6997776010185
50000,2,6,0,68746.5210240583
50000,2,6,1,68746.5210240583
50000,2,6,2,68746.5210240583
50000,2,6,3,68746.5210240583
50000,2,6,4,68746.5210240583
50000,2,6,5,68746.5210240583
50000,2,6,6,68746.5210240583
50000,2,6,7,68746.5210240583
50000,2,6,8,68746.5210240583
50000,2,6,9,-1057764.9704592333
50000,2,7,0,11271.931896160157
50000,2,7,1,11271.931896160157
50000,2,7,2,11271.931896160157
50000,2,7,3,11271.931896160157
50000,2,7,4,11271.931896160157
50000,2,7,5,11271.931896160157
50000,2,7,6,11271.931896160157
50000,2,7,7,11271.931896160157
50000,2,7,8,11271.931896160157
50000,2,7,9,-1410642.8652411331
50000,2,8,0,163066.30666881744
50000,2,8,1,119043.72626470617
50000,2,8,2,82699.61702206919
50000,2,8,3,77913.92668399861
50000,2,8,4,33833.994199387
50000,2,8,5,24066.527313824383
50000,2,8,6,-96124.65105193337
50000,2,8,7,-602452.4459987273
50000,2,8,8,-557811.402022377
50000,2,8,9,-996058.7951396987
50000,2,9,0,45859.958888433604
50000,2,9,1,45859.958888433604
50000,2,9,2,45859.958888433604
50000,2,9,3,45859.958888433604
50000,2,9,4,45859.958888433604
50000,2,9,5,45859.958888433604
50000,2,9,6,45859.958888433604
50000,2,9,7,45859.958888433604
50000,2,9,8,45859.958888433604
50000,2,9,9,45859.958888433604
50000,2,10,0,26273.03992641318
50000,2,10,1,26273.03992641318
50000,2,10,2,26273.03992641318
50000,2,10,3,26273.03992641318
50000,2,10,4,26273.03992641318
50000,2,10,5,26273.03992641318
50000,2,10,6,26273.03992641318
50000,2,10,7,26273.03992641318
50000,2,10,8,26273.03992641318
50000,2,10,9,26273.03992641318
50000,2,11,0,7276.5570830554125
50000,2,11,1,7276.5570830554125
50000,2,11,2,7276.5570830554125
50000,2,11,3,7276.5570830554125
50000,2,11,4,7276.5570830554125
50000,2,11,5,7276.5570830554125
50000,2,11,6,7276.5570830554125
50000,2,11,7,7276.5570830554125
50000,2,11,8,7276.5570830554125
50000,2,11,9,7276.5570830554125
50000,2,12,0,10412.550272270662
50000,2,12,1,2522.360861816709
50000,2,12,2,-1692.2450245110049
50000,2,12,3,-8763.815612668219
50000,2,12,4,-20806.00525797784
50000,2,12,5,-34392.27254158132
50000,2,12,6,-84862.63855397548
50000,2,12,7,-308529.715736169
50000,2,12,8,-115654.70941335597
50000,2,12,9,-1303380.956372473
50000,2,13,0,127079.64686041835
50000,2,13,1,127079.64686041835
50000,2,13,2,127079.64686041835
50000,2,13,3,127079.64686041835
50000,2,13,4,127079.64686041835
50000,2,13,5,127079.64686041835
50000,2,13,6,127079.64686041835
50000,2,13,7,127079.64686041835
50000,2,13,8,127079.64686041835
50000,2,13,9,127079.64686041835
50000,2,14,0,25998.4304609478
50000,2,14,1,25998.4304609478
50000,2,14,2,25998.4304609478
50000,2,14,3,25998.4304609478
50000,2,14,4,25998.4304609478
50000,2,14,5,25998.4304609478
50000,2,14,6,25998.4304609478
50000,2,14,7,25998.4304609478
50000,2,14,8,25998.4304609478
50000,2,14,9,25998.4304609478
50000,2,15,0,111178.77268272189
50000,2,15,1,38765.03645683053
50000,2,15,2,-31908.664967441815
50000,2,15,3,-121814.21013751133
50000,2,15,4,-247709.0104444437
50000,2,15,5,-369828.71288713074
50000,2,15,6,-698461.6340105606
50000,2,15,7,-1143942.8287126098
50000,2,15,8,-1079804.858715995
50000,2,15,9,-1597275.6092167534
50000,2,16,0,18992.111152143683
50000,2,16,1,18992.111152143683
50000,2,16,2,18992.111152143683
50000,2,16,3,18992.111152143683
50000,2,16,4,18992.111152143683
50000,2,16,5,18992.111152143683
50000,2,16,6,18992.111152143683
50000,2,16,7,18992.111152143683
50000,2,16,8,18992.111152143683
50000,2,16,9,-934364.4533908827
50000,2,17,0,18762.05559965017
50000,2,17,1,18762.05559965017
50000,2,17,2,18762.05559965017
50000,2,17,3,18762.05559965017
50000,2,17,4,18762.05559965017
50000,2,17,5,18762.05559965017
50000,2,17,6,18762.05559965017
50000,2,17,7,18762.05559965017
50000,2,17,8,18762.05559965017
50000,2,17,9,-919709.4841326578
50000,2,18,0,41891.154406408474
50000,2,18,1,26230.291751156903
50000,2,18,2,13570.120731061377
50000,2,18,3,-2223.493435116754
50000,2,18,4,-11099.9343206077
50000,2,18,5,-43216.247118961386
50000,2,18,6,-72605.44055463608
50000,2,18,7,-460739.47291205026
50000,2,18,8,-908267.5287750757
50000,2,18,9,-772396.808825418
50000,2,19,0,864.006893289708
50000,2,19,1,864.006893289708
50000,2,19,2,864.006893289708
50000,2,19,3,864.006893289708
50000,2,19,4,864.006893289708
50000,2,19,5,864.006893289708
50000,2,19,6,864.006893289708
50000,2,19,7,864.006893289708
50000,2,19,8,864.006893289708
50000,2,19,9,864.006893289708
50000,2,20,0,95233.88248188942
50000,2,20,1,66802.07424486424
50000,2,20,2,43686.79416772934
50000,2,20,3,39644.187925097125
50000,2,20,4,4540.942023905554
50000,2,20,5,-4723.919986512647
50000,2,20,6,-110082.41598940728
50000,2,20,7,-394213.1368477108
50000,2,20,8,-783805.4897146886
50000,2,20,9,-927458.321257596
50000,2,21,0,141181.44370122536
50000,2,21,1,88305.9957195994
50000,2,21,2,34947.53780177243
50000,2,21,3,-40903.355024571305
50000,2,21,4,-141537.72502409064
50000,2,21,5,-319269.21940144245
50000,2,21,6,-516521.1362748468
50000,2,21,7,-693542.7015068448
50000,2,21,8,-1242038.8998487173
50000,2,21,9,-753882.873461696
50000,2,22,0,5524.028156088576
50000,2,22,1,-30977.716875233196
50000,2,22,2,-84522.89245627719
50000,2,22,3,-173163.8317317272
50000,2,22,4,-284310.0518099997
50000,2,22,5,-478068.1571854303
50000,2,22,6,-660678.7692517798
50000,2,22,7,-969261.9715661525
50000,2,22,8,-696956.9768335031
50000,2,22,9,-2275681.75505333
50000,2,23,0,162021.76945026193
50000,2,23,1,162021.76945026193
50000,2,23,2,162021.76945026193
50000,2,23,3,162021.76945026193
50000,2,23,4,162021.76945026193
50000,2,23,5,162021.76945026193
50000,2,23,6,162021.76945026193
50000,2,23,7,162021.76945026193
50000,2,23,8,162021.76945026193
50000,2,23,9,162021.76945026193
50000,3,0,0,20577.13669451155
50000,3,0,1,20577.13669451155
50000,3,0,2,20577.13669451155
50000,3,0,3,20577.13669451155
50000,3,0,4,20577.13669451155
50000,3,0,5,20577.13669451155
50000,3,0,6,20577.13669451155
50000,3,0,7,20577.13669451155
50000,3,0,8,-1395909.8524616626
50000,3,0,9,-1035964.6230156844
50000,3,1,0,150296.74989824355
50000,3,1,1,150296.74989824355
50000,3,1,2,150296.74989824355
50000,3,1,3,150296.74989824355
50000,3,1,4,150296.74989824355
50000,3,1,5,150296.74989824355
50000,3,1,6,150296.74989824355
50000,3,1,7,150296.74989824355
50000,3,1,8,150296.74989824355
50000,3,1,9,150296.74989824355
50000,3,2,0,23511.49443801116
50000,3,2,1,23511.49443801116
50000,3,2,2,23511.49443801116
50000,3,2,3,23511.49443801116
50000,3,2,4,23511.49443801116
50000,3,2,5,23511.49443801116
50000,3,2,6,23511.49443801116
50000,3,2,7,23511.49443801116
50000,3,2,8,23511.49443801116
50000,3,2,9,23511.49443801116
50000,3,3,0,17740.924043187344
50000,3,3,1,17740.924043187344
50000,3,3,2,17740.924043187344
50000,3,3,3,17740.924043187344
50000,3,3,4,17740.924043187344
50000,3,3,5,17740.924043187344
50000,3,3,6,17740.924043187344
50000,3,3,7,17740.924043187344
50000,3,3,8,17740.924043187344
50000,3,3,9,-1148646.865962171
50000,3,4,0,197356.7161217696
50000,3,4,1,197356.7161217696
50000,3,4,2,197356.7161217696
50000,3,4,3,197356.7161217696
50000,3,4,4,197356.7161217696
50000,3,4,5,197356.7161217696
50000,3,4,6,197356.7161217696
50000,3,4,7,197356.7161217696
50000,3,4,8,197356.7161217696
50000,3,4,9,-1643656.6322977652
50000,3,5,0,13548.59213012776
50000,3,5,1,13548.59213012776
50000,3,5,2,13548.59213012776
50000,3,5,3,13548.59213012776
50000,3,5,4,13548.59213012776
50000,3,5,5,13548.59213012776
50000,3,5,6,13548.59213012776
50000,3,5,7,13548.59213012776
50000,3,5,8,13548.59213012776
50000,3,5,9,-975845.0344730177
50000,3,6,0,87494.99333455769
50000,3,6,1,87494.99333455769
50000,3,6,2,87494.99333455769
50000,3,6,3,87494.99333455769
50000,3,6,4,87494.99333455769
50000,3,6,5,87494.99333455769
50000,3,6,6,87494.99333455769
50000,3,6,7,87494.99333455769
50000,3,6,8,87494.99333455769
50000,3,6,9,87494.99333455769
50000,3,7,0,35700.21286529929
50000,3,7,1,35700.21286529929
50000,3,7,2,35700.21286529929
50000,3,7,3,35700.21286529929
50000,3,7,4,35700.21286529929
50000,3,7,5,35700.21286529929
50000,3,7,6,35700.21286529929
50000,3,7,7,35700.21286529929
50000,3,7,8,35700.21286529929
50000,3,7,9,35700.21286529929
50000,3,8,0,16346.079657119297
50000,3,8,1,16346.079657119297
50000,3,8,2,16346.079657119297
50000,3,8,3,16346.079657119297
50000,3,8,4,16346.079657119297
50000,3,8,5,16346.079657119297
50000,3,8,6,16346.079657119297
50000,3,8,7,16346.079657119297
50000,3,8,8,16346.079657119297
50000,3,8,9,-1510297.9254991645
50000,3,9,0,19476.42670848821
50000,3,9,1,19476.42670848821
50000,3,9,2,19476.42670848821
50000,3,9,3,19476.42670848821
50000,3,9,4,19476.42670848821
50000,3,9,5,19476.42670848821
50000,3,9,6,19476.42670848821
50000,3,9,7,19476.42670848821
50000,3,9,8,19476.42670848821
50000,3,9,9,19476.42670848821
50000,3,10,0,16214.32529006365
50000,3,10,1,16214.32529006365
50000,3,10,2,16214.32529006365
50000,3,10,3,16214.32529006365
50000,3,10,4,16214.32529006365
50000,3,10,5,16214.32529006365
50000,3,10,6,16214.32529006365
50000,3,10,7,16214.32529006365
50000,3,10,8,16214.32529006365
50000,3,10,9,16214.32529006365
50000,3,11,0,52111.721918342104
50000,3,11,1,52111.721918342104
50000,3,11,2,52111.721918342104
50000,3,11,3,52111.721918342104
50000,3,11,4,52111.721918342104
50000,3,11,5,52111.721918342104
50000,3,11,6,52111.721918342104
50000,3,11,7,52111.721918342104
50000,3,11,8,52111.721918342104
50000,3,11,9,52111.721918342104
50000,3,12,0,26199.111263608862
50000,3,12,1,16884.88617734926
50000,3,12,2,5529.19275053106
50000,3,12,3,-436.9711077165557
50000,3,12,4,-15867.748395297349
50000,3,12,5,-29815.19153734702
50000,3,12,6,-55695.09910448726
50000,3,12,7,-835436.9243726168
50000,3,12,8,-1025910.0463870512
50000,3,12,9,-1212053.6400929189
50000,3,13,0,55381.04113617312
50000,3,13,1,55381.04113617312
50000,3,13,2,55381.04113617312
50000,3,13,3,55381.04113617312
50000,3,13,4,55381.04113617312
50000,3,13,5,55381.04113617312
50000,3,13,6,55381.04113617312
50000,3,13,7,55381.04113617312
50000,3,13,8,-654762.0653371055
50000,3,13,9,-1184290.156636304
50000,3,14,0,248739.73078867292
50000,3,14,1,248739.73078867292
50000,3,14,2,248739.73078867292
50000,3,14,3,248739.73078867292
50000,3,14,4,248739.73078867292
50000,3,14,5,248739.73078867292
50000,3,14,6,248739.73078867292
50000,3,14,7,248739.73078867292
50000,3,14,8,248739.73078867292
50000,3,14,9,248739.73078867292
50000,3,15,0,26384.96731119358
50000,3,15,1,26384.96731119358
50000,3,15,2,26384.96731119358
50000,3,15,3,26384.96731119358
50000,3,15,4,26384.96731119358
50000,3,15,5,26384.96731119358
50000,3,15,6,26384.96731119358
50000,3,15,7,26384.96731119358
50000,3,15,8,26384.96731119358
50000,3,15,9,26384.96731119358
50000,3,16,0,59397.71820323108
50000,3,16,1,50078.529132628995
50000,3,16,2,39272.499674787345
50000,3,16,3,36157.599676120946
50000,3,16,4,20098.946905463665
50000,3,16,5,1130.0794995445758
50000,3,16,6,-12060.392964308696
50000,3,16,7,-17010.101520782933
50000,3,16,8,-413638.5338641892
50000,3,16,9,-892854.1766902306
50000,3,17,0,524.6471765859044
50000,3,17,1,524.6471765859044
50000,3,17,2,524.6471765859044
50000,3,17,3,524.6471765859044
50000,3,17,4,524.6471765859044
50000,3,17,5,524.6471765859044
50000,3,17,6,524.6471765859044
50000,3,17,7,524.6471765859044
50000,3,17,8,524.6471765859044
50000,3,17,9,524.6471765859044
50000,3,18,0,89023.3588402317
50000,3,18,1,62260.78829711213
50000,3,18,2,35012.90168486916
50000,3,18,3,32133.96415464657
50000,3,18,4,4128.4132679318345
50000,3,18,5,-49720.02168715942
50000,3,18,6,-526028.41088873
50000,3,18,7,-709754.1041512295
50000,3,18,8,-940673.6628095214
50000,3,18,9,-1632055.7628154242
50000,3,19,0,44625.54205214375
50000,3,19,1,44625.54205214375
50000,3,19,2,44625.54205214375
50000,3,19,3,44625.54205214375
50000,3,19,4,44625.54205214375
50000,3,19,5,44625.54205214375
50000,3,19,6,44625.54205214375
50000,3,19,7,44625.54205214375
50000,3,19,8,44625.54205214375
50000,3,19,9,-983544.7089577062
50000,3,20,0,57008.30211326559
50000,3,20,1,48783.56754355088
50000,3,20,2,42173.38133515719
50000,3,20,3,34207.49027053983
50000,3,20,4,27736.431010092292
50000,3,20,5,12405.684646283022
50000,3,20,6,-7265.7130914736845
50000,3,20,7,-13570.474719109698
50000,3,20,8,-581940.9734332571
50000,3,20,9,-1117176.1927325532
50000,3,21,0,31545.84716834306
50000,3,21,1,31545.84716834306
50000,3,21,2,31545.84716834306
50000,3,21,3,31545.84716834306
50000,3,21,4,31545.84716834306
50000,3,21,5,31545.84716834306
50000,3,21,6,31545.84716834306
50000,3,21,7,31545.84716834306
50000,3,21,8,31545.84716834306
50000,3,21,9,31545.84716834306
50000,3,22,0,29599.43254677992
50000,3,22,1,29599.43254677992
50000,3,22,2,29599.43254677992
50000,3,22,3,29599.43254677992
50000,3,22,4,29599.43254677992
50000,3,22,5,29599.43254677992
50000,3,22,6,29599.43254677992
50000,3,22,7,29599.43254677992
50000,3,22,8,29599.43254677992
50000,3,22,9,29599.43254677992
50000,3,23,0,26034.139968704432
50000,3,23,1,26034.139968704432
50000,3,23,2,26034.139968704432
50000,3,23,3,26034.139968704432
50000,3,23,4,26034.139968704432
50000,3,23,5,26034.139968704432
50000,3,23,6,26034.139968704432
50000,3,23,7,26034.139968704432
50000,3,23,8,26034.139968704432
50000,3,23,9,26034.139968704432
50000,4,0,0,730.1724041925361
50000,4,0,1,730.1724041925361
50000,4,0,2,730.1724041925361
50000,4,0,3,730.1724041925361
50000,4,0,4,730.1724041925361
50000,4,0,5,730.1724041925361
50000,4,0,6,730.1724041925361
50000,4,0,7,730.1724041925361
50000,4,0,8,730.1724041925361
50000,4,0,9,-1095548.9955661832
50000,4,1,0,35026.857487427864
50000,4,1,1,35026.857487427864
50000,4,1,2,35026.857487427864
50000,4,1,3,35026.857487427864
50000,4,1,4,35026.857487427864
50000,4,1,5,35026.857487427864
50000,4,1,6,35026.857487427864
50000,4,1,7,35026.857487427864
50000,4,1,8,35026.857487427864
50000,4,1,9,35026.857487427864
50000,4,2,0,116498.77606544724
50000,4,2,1,66496.3918356097
50000,4,2,2,22151.274417858505
50000,4,2,3,19403.42683085356
50000,4,2,4,-31968.75016099694
50000,4,2,5,-182942.24123751582
50000,4,2,6,-319536.85717011656
50000,4,2,7,-833103.2569436451
50000,4,2,8,-1173247.0440992308
50000,4,2,9,-1128859.4943093748
50000,4,3,0,6433.467097749143
50000,4,3,1,6433.467097749143
50000,4,3,2,6433.467097749143
50000,4,3,3,6433.467097749143
50000,4,3,4,6433.467097749143
50000,4,3,5,6433.467097749143
50000,4,3,6,6433.467097749143
50000,4,3,7,6433.467097749143
50000,4,3,8,6433.467097749143
50000,4,3,9,6433.467097749143
50000,4,4,0,3821.5331533176623
50000,4,4,1,3821.5331533176623
50000,4,4,2,3821.5331533176623
50000,4,4,3,3821.5331533176623
50000,4,4,4,3821.5331533176623
50000,4,4,5,3821.5331533176623
50000,4,4,6,3821.5331533176623
50000,4,4,7,3821.5331533176623
50000,4,4,8,-1286908.6069811303
50000,4,4,9,-1186390.8457956817
50000,4,5,0,302957.18270770943
50000,4,5,1,302957.18270770943
50000,4,5,2,302957.18270770943
50000,4,5,3,302957.18270770943
50000,4,5,4,302957.18270770943
50000,4,5,5,302957.18270770943
50000,4,5,6,302957.18270770943
50000,4,5,7,302957.18270770943
50000,4,5,8,302957.18270770943
50000,4,5,9,302957.18270770943
50000,4,6,0,1926.603151936006
50000,4,6,1,1926.603151936006
50000,4,6,2,1926.603151936006
50000,4,6,3,1926.603151936006
50000,4,6,4,1926.603151936006
50000,4,6,5,1926.603151936006
50000,4,6,6,1926.603151936006
50000,4,6,7,1926.603151936006
50000,4,6,8,1926.603151936006
50000,4,6,9,-1170177.5970982376
50000,4,7,0,18207.82346804406
50000,4,7,1,18207.82346804406
50000,4,7,2,18207.82346804406
50000,4,7,3,18207.82346804406
50000,4,7,4,18207.82346804406
50000,4,7,5,18207.82346804406
50000,4,7,6,18207.82346804406
50000,4,7,7,18207.82346804406
50000,4,7,8,18207.82346804406
50000,4,7,9,18207.82346804406
50000,4,8,0,25116.965854260987
50000,4,8,1,25116.965854260987
50000,4,8,2,25116.965854260987
50000,4,8,3,25116.965854260987
50000,4,8,4,25116.965854260987
50000,4,8,5,25116.965854260987
50000,4,8,6,25116.965854260987
50000,4,8,7,25116.965854260987
50000,4,8,8,25116.965854260987
50000,4,8,9,25116.965854260987
50000,4,9,0,28983.76305134804
50000,4,9,1,28983.76305134804
50000,4,9,2,28983.76305134804
50000,4,9,3,28983.76305134804
50000,4,9,4,28983.76305134804
50000,4,9,5,28983.76305134804
50000,4,9,6,28983.76305134804
50000,4,9,7,28983.76305134804
50000,4,9,8,-913167.907879104
50000,4,9,9,-1472724.8148248836
50000,4,10,0,52959.788031606025
50000,4,10,1,52959.788031606025
50000,4,10,2,52959.788031606025
50000,4,10,3,52959.788031606025
50000,4,10,4,52959.788031606025
50000,4,10,5,52959.788031606025
50000,4,10,6,52959.788031606025
50000,4,10,7,52959.788031606025
50000,4,10,8,52959.788031606025
50000,4,10,9,52959.788031606025
50000,4,11,0,31842.2274158153
50000,4,11,1,31842.2274158153
50000,4,11,2,31842.2274158153
50000,4,11,3,31842.2274158153
50000,4,11,4,31842.2274158153
50000,4,11,5,31842.2274158153
50000,4,11,6,31842.2274158153
50000,4,11,7,31842.2274158153
50000,4,11,8,31842.2274158153
50000,4,11,9,31842.2274158153
50000,4,12,0,33389.89587983002
50000,4,12,1,33389.89587983002
50000,4,12,2,33389.89587983002
50000,4,12,3,33389.89587983002
50000,4,12,4,33389.89587983002
50000,4,12,5,33389.89587983002
50000,4,12,6,33389.89587983002
50000,4,12,7,33389.89587983002
50000,4,12,8,33389.89587983002
50000,4,12,9,-1223755.242425711
50000,4,13,0,52243.22102063944
50000,4,13,1,52243.22102063944
50000,4,13,2,52243.22102063944
50000,4,13,3,52243.22102063944
50000,4,13,4,52243.22102063944
50000,4,13,5,52243.22102063944
50000,4,13,6,52243.22102063944
50000,4,13,7,52243.22102063944
50000,4,13,8,52243.22102063944
50000,4,13,9,52243.22102063944
50000,4,14,0,2917.931297283493
50000,4,14,1,2917.931297283493
50000,4,14,2,2917.931297283493
50000,4,14,3,2917.931297283493
50000,4,14,4,2917.931297283493
50000,4,14,5,2917.931297283493
50000,4,14,6,2917.931297283493
50000,4,14,7,2917.931297283493
50000,4,14,8,2917.931297283493
50000,4,14,9,-1088281.4207652204
50000,4,15,0,41476.76819439933
50000,4,15,1,41476.76819439933
50000,4,15,2,41476.76819439933
50000,4,15,3,41476.76819439933
50000,4,15,4,41476.76819439933
50000,4,15,5,41476.76819439933
50000,4,15,6,41476.76819439933
50000,4,15,7,41476.76819439933
50000,4,15,8,41476.76819439933
50000,4,15,9,41476.76819439933
50000,4,16,0,78965.68142634445
50000,4,16,1,43755.355189753034
50000,4,16,2,20196.906691350407
50000,4,16,3,177.0358852262725
50000,4,16,4,-8712.696625863267
50000,4,16,5,-76379.06712762227
50000,4,16,6,-494612.2465738491
50000,4,16,7,-683879.1939796245
50000,4,16,8,-1048835.3594481084
50000,4,16,9,-1002902.5843792527
50000,4,17,0,8805.783184493945
50000,4,17,1,8805.783184493945
50000,4,17,2,8805.783184493945
50000,4,17,3,8805.783184493945
50000,4,17,4,8805.783184493945
50000,4,17,5,8805.783184493945
50000,4,17,6,8805.783184493945
50000,4,17,7,8805.783184493945
50000,4,17,8,8805.783184493945
50000,4,17,9,8805.783184493945
50000,4,18,0,6002.146556261134
50000,4,18,1,-925.6252462363118
50000,4,18,2,-4865.752990762932
50000,4,18,3,-8716.123878248276
50000,4,18,4,-21765.321050749975
50000,4,18,5,-34605.8162526918
50000,4,18,6,-265890.6498027524
50000,4,18,7,-577724.6006426181
50000,4,18,8,-688198.3266976249
50000,4,18,9,-543952.346278792
50000,4,19,0,26003.877175055342
50000,4,19,1,26003.877175055342
50000,4,19,2,26003.877175055342
50000,4,19,3,26003.877175055342
50000,4,19,4,26003.877175055342
50000,4,19,5,26003.877175055342
50000,4,19,6,26003.877175055342
50000,4,19,7,26003.877175055342
50000,4,19,8,26003.877175055342
50000,4,19,9,-1085880.3126317218
50000,4,20,0,18084.25443017844
50000,4,20,1,18084.25443017844
50000,4,20,2,18084.25443017844
50000,4,20,3,18084.25443017844
50000,4,20,4,18084.25443017844
50000,4,20,5,18084.25443017844
50000,4,20,6,18084.25443017844
50000,4,20,7,18084.25443017844
50000,4,20,8,18084.25443017844
50000,4,20,9,18084.25443017844
50000,4,21,0,30576.199058388418
50000,4,21,1,30576.199058388418
50000,4,21,2,30576.199058388418
50000,4,21,3,30576.199058388418
50000,4,21,4,30576.199058388418
50000,4,21,5,30576.199058388418
50000,4,21,6,30576.199058388418
50000,4,21,7,30576.199058388418
50000,4,21,8,30576.199058388418
50000,4,21,9,30576.199058388418
50000,4,22,0,41452.15079571078
50000,4,22,1,41452.15079571078
50000,4,22,2,41452.15079571078
50000,4,22,3,41452.15079571078
50000,4,22,4,41452.15079571078
50000,4,22,5,41452.15079571078
50000,4,22,6,41452.15079571078
50000,4,22,7,41452.15079571078
50000,4,22,8,41452.15079571078
50000,4,22,9,41452.15079571078
50000,4,23,0,25388.109515957018
50000,4,23,1,11973.87762824078
50000,4,23,2,-5169.235360454259
50000,4,23,3,-8524.290520802631
50000,4,23,4,-34784.01745804926
50000,4,23,5,-78288.65078886437
50000,4,23,6,-466842.15236982395
50000,4,23,7,-697636.1101150848
50000,4,23,8,-949573.3126839696
50000,4,23,9,-1076546.1757093917
50000,5,0,0,80210.02229174829
50000,5,0,1,35998.204672696265
50000,5,0,2,-10995.48546658244
50000,5,0,3,-77695.32595975591
50000,5,0,4,-144268.0366863441
50000,5,0,5,-316023.010698083
50000,5,0,6,-572254.46940558
50000,5,0,7,-834143.0336553415
50000,5,0,8,-1075245.4279634408
50000,5,0,9,-1665271.7214525836
50000,5,1,0,26593.430108595163
50000,5,1,1,26593.430108595163
50000,5,1,2,26593.430108595163
50000,5,1,3,26593.430108595163
50000,5,1,4,26593.430108595163
50000,5,1,5,26593.430108595163
50000,5,1,6,26593.430108595163
50000,5,1,7,26593.430108595163
50000,5,1,8,26593.430108595163
50000,5,1,9,26593.430108595163
50000,5,2,0,12762.170787812167
50000,5,2,1,12762.170787812167
50000,5,2,2,12762.170787812167
50000,5,2,3,12762.170787812167
50000,5,2,4,12762.170787812167
50000,5,2,5,12762.170787812167
50000,5,2,6,12762.170787812167
50000,5,2,7,12762.170787812167
50000,5,2,8,12762.170787812167
50000,5,2,9,12762.170787812167
50000,5,3,0,7992.7392352920615
50000,5,3,1,7992.7392352920615
50000,5,3,2,7992.7392352920615
50000,5,3,3,7992.7392352920615
50000,5,3,4,7992.7392352920615
50000,5,3,5,7992.7392352920615
50000,5,3,6,7992.7392352920615
50000,5,3,7,7992.7392352920615
50000,5,3,8,7992.7392352920615
50000,5,3,9,7992.7392352920615
50000,5,4,0,135046.646390956
50000,5,4,1,135046.646390956
50000,5,4,2,135046.646390956
50000,5,4,3,135046.646390956
50000,5,4,4,135046.646390956
50000,5,4,5,135046.646390956
50000,5,4,6,135046.646390956
50000,5,4,7,135046.646390956
50000,5,4,8,135046.646390956
50000,5,4,9,135046.646390956
50000,5,5,0,18597.519541150446
50000,5,5,1,18597.519541150446
50000,5,5,2,18597.519541150446
50000,5,5,3,18597.519541150446
50000,5,5,4,18597.519541150446
50000,5,5,5,18597.519541150446
50000,5,5,6,18597.519541150446
50000,5,5,7,18597.519541150446
50000,5,5,8,18597.519541150446
50000,5,5,9,18597.519541150446
50000,5,6,0,10883.532779245403
50000,5,6,1,10883.532779245403
50000,5,6,2,10883.532779245403
50000,5,6,3,10883.532779245403
50000,5,6,4,10883.532779245403
50000,5,6,5,10883.532779245403
50000,5,6,6,10883.532779245403
50000,5,6,7,10883.532779245403
50000,5,6,8,10883.532779245403
50000,5,6,9,-2223948.8732134216
50000,5,7,0,32026.415433861428
50000,5,7,1,32026.415433861428
50000,5,7,2,32026.415433861428
50000,5,7,3,32026.415433861428
50000,5,7,4,32026.415433861428
50000,5,7,5,32026.415433861428
50000,5,7,6,32026.415433861428
50000,5,7,7,32026.415433861428
50000,5,7,8,32026.415433861428
50000,5,7,9,32026.415433861428
50000,5,8,0,27849.082071821475
50000,5,8,1,27849.082071821475
50000,5,8,2,27849.082071821475
50000,5,8,3,27849.082071821475
50000,5,8,4,27849.082071821475
50000,5,8,5,27849.082071821475
50000,5,8,6,27849.082071821475
50000,5,8,7,27849.082071821475
50000,5,8,8,27849.082071821475
50000,5,8,9,27849.082071821475
50000,5,9,0,7541.009636460609
50000,5,9,1,7541.009636460609
50000,5,9,2,7541.009636460609
50000,5,9,3,7541.009636460609
50000,5,9,4,7541.009636460609
50000,5,9,5,7541.009636460609
50000,5,9,6,7541.009636460609
50000,5,9,7,7541.009636460609
50000,5,9,8,7541.009636460609
50000,5,9,9,7541.009636460609
50000,5,10,0,27742.587222466922
50000,5,10,1,27742.587222466922
50000,5,10,2,27742.587222466922
50000,5,10,3,27742.587222466922
50000,5,10,4,27742.587222466922
50000,5,10,5,27742.587222466922
50000,5,10,6,27742.587222466922
50000,5,10,7,27742.587222466922
50000,5,10,8,27742.587222466922
50000,5,10,9,27742.587222466922
50000,5,11,0,2678.3920138297713
50000,5,11,1,2678.3920138297713
50000,5,11,2,2678.3920138297713
50000,5,11,3,2678.3920138297713
50000,5,11,4,2678.3920138297713
50000,5,11,5,2678.3920138297713
50000,5,11,6,2678.3920138297713
50000,5,11,7,2678.3920138297713
50000,5,11,8,2678.3920138297713
50000,5,11,9,2678.3920138297713
50000,5,12,0,59376.1719615397
50000,5,12,1,42292.7247607453
50000,5,12,2,32686.865623409027
50000,5,12,3,18924.86900163188
50000,5,12,4,-98.07079505333286
50000,5,12,5,-25634.54292894372
50000,5,12,6,-52975.66941949702
50000,5,12,7,-327576.4359317065
50000,5,12,8,-751616.3474494132
50000,5,12,9,-857061.8370932427
50000,5,13,0,26801.838172928627
50000,5,13,1,26801.838172928627
50000,5,13,2,26801.838172928627
50000,5,13,3,26801.838172928627
50000,5,13,4,26801.838172928627
50000,5,13,5,26801.838172928627
50000,5,13,6,26801.838172928627
50000,5,13,7,26801.838172928627
50000,5,13,8,26801.838172928627
50000,5,13,9,-1239440.2190422053
50000,5,14,0,14314.067670122955
50000,5,14,1,14314.067670122955
50000,5,14,2,14314.067670122955
50000,5,14,3,14314.067670122955
50000,5,14,4,14314.067670122955
50000,5,14,5,14314.067670122955
50000,5,14,6,14314.067670122955
50000,5,14,7,14314.067670122955
50000,5,14,8,14314.067670122955
50000,5,14,9,14314.067670122955
50000,5,15,0,4824.576247387696
50000,5,15,1,4824.576247387696
50000,5,15,2,4824.576247387696
50000,5,15,3,4824.576247387696
50000,5,15,4,4824.576247387696
50000,5,15,5,4824.576247387696
50000,5,15,6,4824.576247387696
50000,5,15,7,4824.576247387696
50000,5,15,8,4824.576247387696
50000,5,15,9,4824.576247387696
50000,5,16,0,42327.29376645391
50000,5,16,1,42327.29376645391
50000,5,16,2,42327.29376645391
50000,5,16,3,42327.29376645391
50000,5,16,4,42327.29376645391
50000,5,16,5,42327.29376645391
50000,5,16,6,42327.29376645391
50000,5,16,7,42327.29376645391
50000,5,16,8,42327.29376645391
50000,5,16,9,42327.29376645391
50000,5,17,0,54238.60668924536
50000,5,17,1,54238.60668924536
50000,5,17,2,54238.60668924536
50000,5,17,3,54238.60668924536
50000,5,17,4,54238.60668924536
50000,5,17,5,54238.60668924536
50000,5,17,6,54238.60668924536
50000,5,17,7,54238.60668924536
50000,5,17,8,54238.60668924536
50000,5,17,9,54238.60668924536
50000,5,18,0,58881.80877056153
50000,5,18,1,58881.80877056153
50000,5,18,2,58881.80877056153
50000,5,18,3,58881.80877056153
50000,5,18,4,58881.80877056153
50000,5,18,5,58881.80877056153
50000,5,18,6,58881.80877056153
50000,5,18,7,58881.80877056153
50000,5,18,8,58881.80877056153
50000,5,18,9,-1053085.9271500339
50000,5,19,0,21849.62849703261
50000,5,19,1,21849.62849703261
50000,5,19,2,21849.62849703261
50000,5,19,3,21849.62849703261
50000,5,19,4,21849.62849703261
50000,5,19,5,21849.62849703261
50000,5,19,6,21849.62849703261
50000,5,19,7,21849.62849703261
50000,5,19,8,21849.62849703261
50000,5,19,9,21849.62849703261
50000,5,20,0,131565.9581235942
50000,5,20,1,131565.9581235942
50000,5,20,2,131565.9581235942
50000,5,20,3,131565.9581235942
50000,5,20,4,131565.9581235942
50000,5,20,5,131565.9581235942
50000,5,20,6,131565.9581235942
50000,5,20,7,131565.9581235942
50000,5,20,8,131565.9581235942
50000,5,20,9,-797784.084299884
50000,5,21,0,27112.970280327274
50000,5,21,1,27112.970280327274
50000,5,21,2,27112.970280327274
50000,5,21,3,27112.970280327274
50000,5,21,4,27112.970280327274
50000,5,21,5,27112.970280327274
50000,5,21,6,27112.970280327274
50000,5,21,7,27112.970280327274
50000,5,21,8,27112.970280327274
50000,5,21,9,27112.970280327274
50000,5,22,0,38540.69600561402
50000,5,22,1,38540.69600561402
50000,5,22,2,38540.69600561402
50000,5,22,3,38540.69600561402
50000,5,22,4,38540.69600561402
50000,5,22,5,38540.69600561402
50000,5,22,6,38540.69600561402
50000,5,22,7,38540.69600561402
50000,5,22,8,38540.69600561402
50000,5,22,9,38540.69600561402
50000,5,23,0,49631.46298279349
50000,5,23,1,49631.46298279349
50000,5,23,2,49631.46298279349
50000,5,23,3,49631.46298279349
50000,5,23,4,49631.46298279349
50000,5,23,5,49631.46298279349
50000,5,23,6,49631.46298279349
50000,5,23,7,49631.46298279349
50000,5,23,8,49631.46298279349
50000,5,23,9,49631.46298279349
50000,6,0,0,61473.0468889547
50000,6,0,1,61473.0468889547
50000,6,0,2,61473.0468889547
50000,6,0,3,61473.0468889547
50000,6,0,4,61473.0468889547
50000,6,0,5,61473.0468889547
50000,6,0,6,61473.0468889547
50000,6,0,7,61473.0468889547
50000,6,0,8,61473.0468889547
50000,6,0,9,61473.0468889547
50000,6,1,0,34023.09909836045
50000,6,1,1,34023.09909836045
50000,6,1,2,34023.09909836045
50000,6,1,3,34023.09909836045
50000,6,1,4,34023.09909836045
50000,6,1,5,34023.09909836045
50000,6,1,6,34023.09909836045
50000,6,1,7,34023.09909836045
50000,6,1,8,34023.09909836045
50000,6,1,9,34023.09909836045
50000,6,2,0,24318.87928549545
50000,6,2,1,24318.87928549545
50000,6,2,2,24318.87928549545
50000,6,2,3,24318.87928549545
50000,6,2,4,24318.87928549545
50000,6,2,5,24318.87928549545
50000,6,2,6,24318.87928549545
50000,6,2,7,24318.87928549545
50000,6,2,8,24318.87928549545
50000,6,2,9,24318.87928549545
50000,6,3,0,180248.74525911614
50000,6,3,1,180248.74525911614
50000,6,3,2,180248.74525911614
50000,6,3,3,180248.74525911614
50000,6,3,4,180248.74525911614
50000,6,3,5,180248.74525911614
50000,6,3,6,180248.74525911614
50000,6,3,7,180248.74525911614
50000,6,3,8,180248.74525911614
50000,6,3,9,-692806.4860867405
50000,6,4,0,93192.35028619436
50000,6,4,1,93192.35028619436
50000,6,4,2,93192.35028619436
50000,6,4,3,93192.35028619436
50000,6,4,4,93192.35028619436
50000,6,4,5,93192.35028619436
50000,6,4,6,93192.35028619436
50000,6,4,7,93192.35028619436
50000,6,4,8,93192.35028619436
50000,6,4,9,93192.35028619436
50000,6,5,0,4871.689914674333
50000,6,5,1,4871.689914674333
50000,6,5,2,4871.689914674333
50000,6,5,3,4871.689914674333
50000,6,5,4,4871.689914674333
50000,6,5,5,4871.689914674333
50000,6,5,6,4871.689914674333
50000,6,5,7,4871.689914674333
50000,6,5,8,4871.689914674333
50000,6,5,9,4871.689914674333
50000,6,6,0,9010.49667074538
50000,6,6,1,9010.49667074538
50000,6,6,2,9010.49667074538
50000,6,6,3,9010.49667074538
50000,6,6,4,9010.49667074538
50000,6,6,5,9010.49667074538
50000,6,6,6,9010.49667074538
50000,6,6,7,9010.49667074538
50000,6,6,8,9010.49667074538
50000,6,6,9,9010.49667074538
50000,6,7,0,5819.301729254036
50000,6,7,1,5819.301729254036
50000,6,7,2,5819.301729254036
50000,6,7,3,5819.301729254036
50000,6,7,4,5819.301729254036
50000,6,7,5,5819.301729254036
50000,6,7,6,5819.301729254036
50000,6,7,7,5819.301729254036
50000,6,7,8,5819.301729254036
50000,6,7,9,5819.301729254036
50000,6,8,0,10937.764525763085
50000,6,8,1,10937.764525763085
50000,6,8,2,10937.764525763085
50000,6,8,3,10937.764525763085
50000,6,8,4,10937.764525763085
50000,6,8,5,10937.764525763085
50000,6,8,6,10937.764525763085
50000,6,8,7,10937.764525763085
50000,6,8,8,10937.764525763085
50000,6,8,9,10937.764525763085
50000,6,9,0,219645.76485266356
50000,6,9,1,219645.76485266356
50000,6,9,2,219645.76485266356
50000,6,9,3,219645.76485266356
50000,6,9,4,219645.76485266356
50000,6,9,5,219645.76485266356
50000,6,9,6,219645.76485266356
50000,6,9,7,219645.76485266356
50000,6,9,8,219645.76485266356
50000,6,9,9,219645.76485266356
50000,6,10,0,42688.88036833817
50000,6,10,1,42688.88036833817
50000,6,10,2,42688.88036833817
50000,6,10,3,42688.88036833817
50000,6,10,4,42688.88036833817
50000,6,10,5,42688.88036833817
50000,6,10,6,42688.88036833817
50000,6,10,7,42688.88036833817
50000,6,10,8,42688.88036833817
50000,6,10,9,-1002479.720552296
50000,6,11,0,18163.230599859806
50000,6,11,1,18163.230599859806
50000,6,11,2,18163.230599859806
50000,6,11,3,18163.230599859806
50000,6,11,4,18163.230599859806
50000,6,11,5,18163.230599859806
50000,6,11,6,18163.230599859806
50000,6,11,7,18163.230599859806
50000,6,11,8,18163.230599859806
50000,6,11,9,18163.230599859806
50000,6,12,0,62280.516603784796
50000,6,12,1,62280.516603784796
50000,6,12,2,62280.516603784796
50000,6,12,3,62280.516603784796
50000,6,12,4,62280.516603784796
50000,6,12,5,62280.516603784796
50000,6,12,6,62280.516603784796
50000,6,12,7,62280.516603784796
50000,6,12,8,62280.516603784796
50000,6,12,9,62280.516603784796
50000,6,13,0,34028.14724554969
50000,6,13,1,34028.14724554969
50000,6,13,2,34028.14724554969
50000,6,13,3,34028.14724554969
50000,6,13,4,34028.14724554969
50000,6,13,5,34028.14724554969
50000,6,13,6,34028.14724554969
50000,6,13,7,34028.14724554969
50000,6,13,8,34028.14724554969
50000,6,13,9,34028.14724554969
50000,6,14,0,8096.612310278641
50000,6,14,1,8096.612310278641
50000,6,14,2,8096.612310278641
50000,6,14,3,8096.612310278641
50000,6,14,4,8096.612310278641
50000,6,14,5,8096.612310278641
50000,6,14,6,8096.612310278641
50000,6,14,7,8096.612310278641
50000,6,14,8,8096.612310278641
50000,6,14,9,8096.612310278641
50000,6,15,0,35298.43165260786
50000,6,15,1,35298.43165260786
50000,6,15,2,35298.43165260786
50000,6,15,3,35298.43165260786
50000,6,15,4,35298.43165260786
50000,6,15,5,35298.43165260786
50000,6,15,6,35298.43165260786
50000,6,15,7,35298.43165260786
50000,6,15,8,35298.43165260786
50000,6,15,9,35298.43165260786
50000,6,16,0,11576.090479869456
50000,6,16,1,11576.090479869456
50000,6,16,2,11576.090479869456
50000,6,16,3,11576.090479869456
50000,6,16,4,11576.090479869456
50000,6,16,5,11576.090479869456
50000,6,16,6,11576.090479869456
50000,6,16,7,11576.090479869456
50000,6,16,8,11576.090479869456
50000,6,16,9,11576.090479869456
50000,6,17,0,85505.15268394539
50000,6,17,1,85505.15268394539
50000,6,17,2,85505.15268394539
50000,6,17,3,85505.15268394539
50000,6,17,4,85505.15268394539
50000,6,17,5,85505.15268394539
50000,6,17,6,85505.15268394539
50000,6,17,7,85505.15268394539
50000,6,17,8,-819835.6403784635
50000,6,17,9,-1121412.4128179033
50000,6,18,0,44693.492049169225
50000,6,18,1,44693.492049169225
50000,6,18,2,44693.492049169225
50000,6,18,3,44693.492049169225
50000,6,18,4,44693.492049169225
50000,6,18,5,44693.492049169225
50000,6,18,6,44693.492049169225
50000,6,18,7,44693.492049169225
50000,6,18,8,44693.492049169225
50000,6,18,9,44693.492049169225
50000,6,19,0,39447.50833464656
50000,6,19,1,39447.50833464656
50000,6,19,2,39447.50833464656
50000,6,19,3,39447.50833464656
50000,6,19,4,39447.50833464656
50000,6,19,5,39447.50833464656
50000,6,19,6,39447.50833464656
50000,6,19,7,39447.50833464656
50000,6,19,8,39447.50833464656
50000,6,19,9,39447.50833464656
50000,6,20,0,33391.49903492113
50000,6,20,1,33391.49903492113
50000,6,20,2,33391.49903492113
50000,6,20,3,33391.49903492113
50000,6,20,4,33391.49903492113
50000,6,20,5,33391.49903492113
50000,6,20,6,33391.49903492113
50000,6,20,7,33391.49903492113
50000,6,20,8,33391.49903492113
50000,6,20,9,33391.49903492113
50000,6,21,0,13743.539032595061
50000,6,21,1,13743.539032595061
50000,6,21,2,13743.539032595061
50000,6,21,3,13743.539032595061
50000,6,21,4,13743.539032595061
50000,6,21,5,13743.539032595061
50000,6,21,6,13743.539032595061
50000,6,21,7,13743.539032595061
50000,6,21,8,13743.539032595061
50000,6,21,9,13743.539032595061
50000,6,22,0,6677.257696570186
50000,6,22,1,6677.257696570186
50000,6,22,2,6677.257696570186
50000,6,22,3,6677.257696570186
50000,6,22,4,6677.257696570186
50000,6,22,5,6677.257696570186
50000,6,22,6,6677.257696570186
50000,6,22,7,6677.257696570186
50000,6,22,8,6677.257696570186
50000,6,22,9,6677.257696570186
50000,6,23,0,44703.64637119724
50000,6,23,1,44703.64637119724
50000,6,23,2,44703.64637119724
50000,6,23,3,44703.64637119724
50000,6,23,4,44703.64637119724
50000,6,23,5,44703.64637119724
50000,6,23,6,44703.64637119724
50000,6,23,7,44703.64637119724
50000,6,23,8,44703.64637119724
50000,6,23,9,44703.64637119724
